Data Source,World Development Indicators,Column1,_1,_2,_3,_4,_5,_6,_7,_8,_9,_10,_11,_12,_13,_14,_15,_16,_17,_18,_19,_20,_21,_22,_23,_24,_25,_26,_27,_28,_29,_30,_31,_32,_33,_34,_35,_36,_37,_38,_39,_40,_41,_42,_43,_44,_45,_46,_47,_48,_49,_50,_51,_52,_53,_54,_55,_56,_57,_58,_59,_60,_61,_62,_63
,,,,,,,,,,,,,,,,,,,,,,,,,,,,,,,,,,,,,,,,,,,,,,,,,,,,,,,,,,,,,,,,,
Last Updated Date,2021-10-28,,,,,,,,,,,,,,,,,,,,,,,,,,,,,,,,,,,,,,,,,,,,,,,,,,,,,,,,,,,,,,,,
,,,,,,,,,,,,,,,,,,,,,,,,,,,,,,,,,,,,,,,,,,,,,,,,,,,,,,,,,,,,,,,,,
Country Name,Country Code,Indicator Name,Indicator Code,1960,1961,1962,1963,1964,1965,1966,1967,1968,1969,1970,1971,1972,1973,1974,1975,1976,1977,1978,1979,1980,1981,1982,1983,1984,1985,1986,1987,1988,1989,1990,1991,1992,1993,1994,1995,1996,1997,1998,1999,2000,2001,2002,2003,2004,2005,2006,2007,2008,2009,2010,2011,2012,2013,2014,2015,2016,2017,2018,2019,2020,
Aruba,ABW,"Intentional homicides (per 100,000 people)",VC.IHR.PSRC.P5,,,,,,,,,,,,,,,,,,,,,,,,,,,,,,,0,,,,,7.469747523,,,,2.24696379,,4.306075873,5.263601145,4.123031253,2.02543952,5.99832047,4.958841615,2.963665461,4.932815059,3.942751252,3.934490729,1.959823616,3.899965875,5.815925944,1.927227875,,,,,,,
Africa Eastern and Southern,AFE,"Intentional homicides (per 100,000 people)",VC.IHR.PSRC.P5,,,,,,,,,,,,,,,,,,,,,,,,,,,,,,,,,,,,,,,,,,,,,,,,,,,,,15.1,,10.5,10.3,,,,,,
Afghanistan,AFG,"Intentional homicides (per 100,000 people)",VC.IHR.PSRC.P5,,,,,,,,,,,,,,,,,,,,,,,,,,,,,,,,,,,,,,,,,,,,,,,,,,3.926774495,3.368109608,4.087336724,6.251328167,,,9.783921782,6.551163456,6.678401441,6.655561152,,,
Africa Western and Central,AFW,"Intentional homicides (per 100,000 people)",VC.IHR.PSRC.P5,,,,,,,,,,,,,,,,,,,,,,,,,,,,,,,,,,,,,,,,,,,,,,,,,,,,,13.3,,8.1,8.1,,,,,,
Angola,AGO,"Intentional homicides (per 100,000 people)",VC.IHR.PSRC.P5,,,,,,,,,,,,,,,,,,,,,,,,,,,,,,,,,,,,,,,,,,,,,,,,,,,,4.355785515,4.847075177,,,,,,,,,
Albania,ALB,"Intentional homicides (per 100,000 people)",VC.IHR.PSRC.P5,,,,,,,,,,,,,,,,,,,,,,,,,,,,,,,,,4.005068568,5.977724058,3.559490205,8.320154402,8.777877425,43.03577034,21.21709622,17.03653889,4.186311974,7.029425495,6.909384383,5.323896566,4.219147004,4.988969195,3.101513179,3.460785836,3.097230044,2.859022604,4.307963049,4.848731527,5.387614869,4.270284194,4.039627015,2.214131417,2.736947791,2.010977859,2.289492444,,,
Andorra,AND,"Intentional homicides (per 100,000 people)",VC.IHR.PSRC.P5,,,,,,,,,,,,,,,,,,,,,,,,,,,,,,,,,,,,,,,,,,,,,1.311578616,,,0,1.19244941,0,0,1.194015594,0,0,0,0,,,,,,
Arab World,ARB,"Intentional homicides (per 100,000 people)",VC.IHR.PSRC.P5,,,,,,,,,,,,,,,,,,,,,,,,,,,,,,,,,,,,,,,,,,,,,,,,,,,,,4.7,,4.2,3.8,,,,,,
United Arab Emirates,ARE,"Intentional homicides (per 100,000 people)",VC.IHR.PSRC.P5,,,,,,,,,,,,,,,,,,,,,,,,,,,,,,,,,,,,,,,,,,,,1.212307018,0.663622687,1.220516357,0.735825177,,,,0.783625914,0.570037616,0.754791449,0.619706133,0.662022955,0.647745586,0.705054762,0.463782488,,,,
Argentina,ARG,"Intentional homicides (per 100,000 people)",VC.IHR.PSRC.P5,,,,,,,,,,,,,,,,,,,,,,,,,,,,,,,,,,,,,,,,,,8.39422117,9.474084041,7.789882479,6.073994134,5.651413609,5.372885371,5.39004049,5.915645195,6.52623068,5.829456464,6.076887217,6.341726925,7.280305064,7.570798931,6.586123277,6.033309523,5.209715161,5.324478739,,,
Armenia,ARM,"Intentional homicides (per 100,000 people)",VC.IHR.PSRC.P5,,,,,,,,,,,,,,,,,,,,,,,,,,,,,,,5.030857812,5.306327739,8.859016736,7.96881221,4.781244366,3.605452812,3.598242921,3.191746399,2.991612869,2.913545396,2.96455854,2.884597104,2.274243435,2.518275723,2.766007435,1.945484832,2.670451722,2.625642984,3.336067533,3.358616444,1.946259602,2.46824653,2.253627387,2.174218394,2.47218534,2.563612629,2.963066904,2.377080327,1.693915557,,,
American Samoa,ASM,"Intentional homicides (per 100,000 people)",VC.IHR.PSRC.P5,,,,,,,,,,,,,,,,,,,,,,,,,,,,,,,,,,,,,,,,,,1.7095186,11.84894291,5.042440541,6.701963675,10.07438252,6.767158978,1.713296897,5.218298835,3.52889281,8.915198631,8.967805578,3.592663781,5.38435307,5.377211378,7.167688062,5.382227884,,,,,
Antigua and Barbuda,ATG,"Intentional homicides (per 100,000 people)",VC.IHR.PSRC.P5,,,,,,,,,,,,,,,,,,,,,,,,,,,,,,,1.599155646,4.734624308,3.102747483,6.081152987,7.440365471,10.19338304,4.2749658,1.39456399,,,6.578341469,9.065948298,6.385859154,6.304295747,4.978406163,3.682698682,13.29867618,20.23111069,18.73667939,18.44529242,6.81585823,,11.0610904,,,,,,,,,
Australia,AUS,"Intentional homicides (per 100,000 people)",VC.IHR.PSRC.P5,,,,,,,,,,,,,,,,,,,,,,,,,,,,,,,2.205110668,1.97798215,1.729668451,1.891700327,1.797901691,1.978538086,1.946201921,1.979637471,1.796952251,2.049159932,1.906122518,1.807792953,1.886465108,1.538919138,1.322960651,1.283541631,1.368975412,1.219142604,1.223497165,1.209148037,1.042668759,1.100363732,1.060952322,1.053540861,1.029816973,0.9861068,0.935592108,0.825719528,0.891632403,,,
Austria,AUT,"Intentional homicides (per 100,000 people)",VC.IHR.PSRC.P5,,,,,,,,,,,,,,,,,,,,,,,,,,,,,,,1.152259581,1.32515119,1.238676644,1.013673313,1.107306144,0.976206469,1.234744667,0.821623845,0.957585909,0.7452383,1.016200214,0.864437119,0.799075236,0.611556834,0.718040213,0.65425552,0.73623971,0.541273226,0.695316504,0.609125561,0.689659683,0.887206378,0.929167995,0.724621505,0.522332318,0.530035315,0.651629199,0.793659612,0.967228608,,,
Azerbaijan,AZE,"Intentional homicides (per 100,000 people)",VC.IHR.PSRC.P5,,,,,,,,,,,,,,,,,,,,,,,,,,,,,,,4.542468491,4.851898186,7.548256647,6.304609725,6.494263704,5.69744289,5.091936181,3.583294178,3.50442302,3.004671146,2.782311345,2.659413868,2.561294372,2.188620061,2.378997218,2.248609551,2.201583216,2.166378561,2.176409557,,2.280662034,,2.18032261,2.354704353,2.482742833,2.338211119,2.136391989,2.041579976,2.201107449,,,
Burundi,BDI,"Intentional homicides (per 100,000 people)",VC.IHR.PSRC.P5,,,,,,,,,,,,,,,,,,,,,,,,,,,,,,,,,,,,,,,,,,,,,,,,,4.196352889,4.477437229,3.999720596,3.895782352,5.407748568,5.450561209,5.72920312,4.537386391,6.054537366,,,,,
Belgium,BEL,"Intentional homicides (per 100,000 people)",VC.IHR.PSRC.P5,,,,,,,,,,,,,,,,,,,,,,,,,,,,,,,1.036043221,1.01830519,1.200135379,1.430116964,1.181578134,1.394028688,1.175518073,1.418261436,,,2.061846446,2.732816062,3.077701148,2.207499375,2.557223115,2.095405421,2.081080399,1.972409451,1.88333282,1.740342068,1.727804906,1.943006357,1.849286739,1.837904366,1.871453429,2.037574468,1.532444627,1.690054215,,,,
Benin,BEN,"Intentional homicides (per 100,000 people)",VC.IHR.PSRC.P5,,,,,,,,,,,,,,,,,,,,,,,,,,,,,,,,,,,,,,,,,,,,,,,,,,,,,,,,,,1.127497407,,,,
Burkina Faso,BFA,"Intentional homicides (per 100,000 people)",VC.IHR.PSRC.P5,,,,,,,,,,,,,,,,,,,,,,,,,,,,,,,,,,,,,,,,,,,0.634502437,0.640082234,0.598592111,0.469380905,0.498945237,0.659555211,1.027929386,0.891613012,0.78819825,0.559634844,0.693972912,0.708730049,0.739223164,0.646029931,1.120862796,1.25044052,,,,
Bangladesh,BGD,"Intentional homicides (per 100,000 people)",VC.IHR.PSRC.P5,,,,,,,,,,,,,,,,,,,,,,,,,,,,,,,,,,,,,,,,,2.618718462,2.827301484,2.644211087,2.57508632,2.848457346,2.583512751,2.956263046,2.707829583,2.840527873,2.8912153,2.702346806,2.656874612,2.724399874,2.875726215,2.921354125,2.582296097,2.273113534,2.222494689,2.373328796,,,
Bulgaria,BGR,"Intentional homicides (per 100,000 people)",VC.IHR.PSRC.P5,,,,,,,,,,,,,,,,,,,,,,,,,,,,,,,2.567447525,4.277403901,5.324801971,5.713591421,5.805431666,5.895477012,5.282218821,4.846681679,4.681930415,4.053548994,4.151063191,3.883642049,3.241700421,3.164919469,3.150570137,2.588798387,2.437419899,2.336117096,2.285992554,2.007089307,1.99326304,1.734734204,1.92255066,1.495180033,1.573358242,1.75006344,1.104594161,1.450203395,1.304666594,,,
Bahrain,BHR,"Intentional homicides (per 100,000 people)",VC.IHR.PSRC.P5,,,,,,,,,,,,,,,,,,,,,,,,,,,,,,,,,,,,0.886999776,1.382502018,1.008527097,,,,1.290230091,1.088228093,0.385253523,0.843530004,0.44986431,0.730366446,0.386128712,0.538287975,1.096976985,0.886479098,0.547665264,0.307706036,0.380219752,0.523923468,,,,,,,
"Bahamas, The",BHS,"Intentional homicides (per 100,000 people)",VC.IHR.PSRC.P5,,,,,,,,,,,,,,,,,,,,,,,,,,,,,,,17.56255196,10.72768163,15.41191153,12.91203217,18.85089306,14.27658747,17.9590112,16.00762798,,,24.8284655,14.20933322,16.9019395,15.96816587,13.79773153,16.00748658,18.42722154,23.11885165,21.24068901,24.88558352,26.48364776,35.31868859,30.52964814,32.41076146,33.45699831,39.01656868,29.37106236,31.95817147,,,,
Bosnia and Herzegovina,BIH,"Intentional homicides (per 100,000 people)",VC.IHR.PSRC.P5,,,,,,,,,,,,,,,,,,,,,,,,,,,,,,,1.635516427,,,,,,,,,,2.639172356,2.183456113,2.394006047,,1.806495627,1.859065814,1.938693724,1.754017164,1.75800244,1.900456243,1.511276008,1.392996179,1.747586389,1.298482075,1.435912635,1.662116744,1.328898553,1.253157509,1.17331026,,,
Belarus,BLR,"Intentional homicides (per 100,000 people)",VC.IHR.PSRC.P5,,,,,,,,,,,,,,,,,,,,,,,,,,,,,,,5.004366507,4.576418062,5.849716643,7.459201571,8.201197434,9.526071966,9.656685901,10.20041875,10.39118811,9.814155761,10.26172463,9.876267391,10.14782373,9.081296198,8.474904093,8.627827221,7.712608455,6.845620396,5.839505631,5.162639578,4.256639934,3.961630178,3.610474411,3.533718144,3.604848394,3.453600559,3.250177489,2.539619923,2.39087279,,,
Belize,BLZ,"Intentional homicides (per 100,000 people)",VC.IHR.PSRC.P5,,,,,,,,,,,,,,,,,,,,,,,,,,,,,,,,,,,,,,,,,16.57838341,25.09134819,33.1571305,24.86749707,28.56977535,28.54142735,31.57844154,32.43810842,33.56995261,30.82741415,40.00434156,37.54890442,42.89928136,28.63696714,34.80810265,32.97074747,37.45938507,37.78857029,,,,
Bermuda,BMU,"Intentional homicides (per 100,000 people)",VC.IHR.PSRC.P5,,,,,,,,,,,,,,,,,,,,,,,,,,,,,,,1.641227638,4.893006263,1.621349936,4.836057646,9.618313269,,6.350617598,3.161605463,0,3.136418524,0,4.663961569,1.547748027,3.083089255,1.536924614,3.070781514,4.610915574,4.623066017,7.736943907,9.330824378,10.9450247,12.58237524,9.496826477,7.965461758,6.412106056,6.451300744,12.96012494,8.142885091,,,,
Bolivia,BOL,"Intentional homicides (per 100,000 people)",VC.IHR.PSRC.P5,,,,,,,,,,,,,,,,,,,,,,,,,,,,,,,,,,,,,,,,,,,,,,5.177474175,5.130143328,8.055709521,8.517241809,8.285456747,12.66843521,12.10228072,11.76563888,8.840512693,8.798379529,6.17310528,6.218374444,,,,,
Brazil,BRA,"Intentional homicides (per 100,000 people)",VC.IHR.PSRC.P5,,,,,,,,,,,,,,,,,,,,,,,,,,,,,,,19.66480208,18.56171633,16.83323231,17.85968412,18.72351704,20.98513386,21.67046521,22.21941167,22.64167272,22.84256792,23.79708011,24.81698076,25.39025122,25.75645397,24.11823962,23.44880162,23.96067059,23.47072822,23.89465891,22.96085537,22.10985431,24.34453674,26.62186809,26.94195361,28.84983225,28.59025632,29.87780701,30.83136251,27.38253029,,,
Barbados,BRB,"Intentional homicides (per 100,000 people)",VC.IHR.PSRC.P5,,,,,,,,,,,,,,,,,,,,,,,,,,,,,,,13.03016483,8.017960231,8.368519153,7.958494556,7.55021839,6.392058807,,,7.425724194,8.504187388,7.366184059,9.174513934,9.143342001,12.02926392,7.991775736,10.49507817,12.61374899,8.970186688,8.215870204,6.758992128,10.98780354,9.541074325,7.754725095,8.441965008,8.777319407,10.86472714,7.697744561,10.48111827,9.768350544,,,
Brunei Darussalam,BRN,"Intentional homicides (per 100,000 people)",VC.IHR.PSRC.P5,,,,,,,,,,,,,,,,,,,,,,,,,,,,,,,,,,,,,2.954500689,2.564414897,1.253388065,1.226188944,1.200602703,,,0.849148728,0.556430388,0.54777712,0.810237075,0.800070406,0.26356156,0.781449432,0.257311506,0.254008895,1.002513803,0.494542721,,,,,,,,
Bhutan,BTN,"Intentional homicides (per 100,000 people)",VC.IHR.PSRC.P5,,,,,,,,,,,,,,,,,,,,,,,,,,,,,,,3.767890415,2.244513567,5.051213694,3.567472164,3.760069937,2.992729538,2.21618517,1.268775613,1.949048333,2.249578637,3.045613133,3.147555757,3.08429041,0.796381244,2.348119704,1.695584083,1.36902118,2.105665293,2.680122869,2.358737427,2.334055918,4.615626492,4.703655453,3.379163235,,1.648612075,1.221654228,1.743648759,1.193007386,,,
Botswana,BWA,"Intentional homicides (per 100,000 people)",VC.IHR.PSRC.P5,,,,,,,,,,,,,,,,,,,,,,,,,,,,,,,,,,,,,,,,,,12.71889335,14.95919659,17.98906472,14.66979094,16.17496083,14.21637541,14.92968651,14.66875753,14.79399743,15.24830583,,,,,,,,,,,
Central African Republic,CAF,"Intentional homicides (per 100,000 people)",VC.IHR.PSRC.P5,,,,,,,,,,,,,,,,,,,,,,,,,,,,,,,,,,,,,,,,,,,,,,,,,,,,,,,,,20.12040065,,,,,
Canada,CAN,"Intentional homicides (per 100,000 people)",VC.IHR.PSRC.P5,,,,,,,,,,,,,,,,,,,,,,,,,,,,,,,2.385506317,2.703593014,2.597042773,2.19280086,2.065089544,2.012744893,2.152229866,1.970252681,1.861963053,1.778730482,1.784991614,1.794037268,1.866685312,1.743518794,1.964451907,2.064399759,1.868642199,1.812892765,1.841762155,1.807616663,1.628227324,1.754530423,1.569209992,1.442067897,1.463646963,1.693190167,1.682106961,1.796793981,1.755921136,,,
Central Europe and the Baltics,CEB,"Intentional homicides (per 100,000 people)",VC.IHR.PSRC.P5,,,,,,,,,,,,,,,,,,,,,,,,,,,,,,,,,,,,,,,,,,,,,,,,,,,,,1.6,,1.3,1.3,,,,,,
Switzerland,CHE,"Intentional homicides (per 100,000 people)",VC.IHR.PSRC.P5,,,,,,,,,,,,,,,,,,,,,,,,,,,,,,,1.653421011,1.458589889,1.369075327,1.528620804,1.153002411,1.172178933,1.17930778,1.230812239,1.071664005,1.250872976,0.965877372,1.197909397,1.191073376,1.0043527,1.065031361,1.015322159,0.804509436,0.676663059,0.708398696,0.661143997,0.665926123,0.581763878,0.561937641,0.702933428,0.499634231,0.68701393,0.536998287,0.532179285,0.586468024,,,
Channel Islands,CHI,"Intentional homicides (per 100,000 people)",VC.IHR.PSRC.P5,,,,,,,,,,,,,,,,,,,,,,,,,,,,,,,,,,,,,,,,,,,,,,0.659308781,1.307198086,,0.639218619,,0,,,,,,,,,,,
Chile,CHL,"Intentional homicides (per 100,000 people)",VC.IHR.PSRC.P5,,,,,,,,,,,,,,,,,,,,,,,,,,,,,,,,,,,,,,,,,,,,3.236664736,,3.559353738,3.607568238,3.72651246,3.519218494,3.730860685,3.17069021,3.690468564,2.494201413,3.164212799,2.466359393,3.394668123,3.360962052,4.217550913,4.404894484,,,
China,CHN,"Intentional homicides (per 100,000 people)",VC.IHR.PSRC.P5,,,,,,,,,,,,,,,,,,,,,,,,,,,,,,,,,,,,2.204492483,2.030222556,2.065775141,2.067029744,2.027515555,2.081116779,1.996648031,2.009863821,1.85455293,1.867680969,1.56074306,1.342863413,1.197553727,1.094217934,1.077529358,0.97968265,0.872867465,0.815340829,0.764431884,0.720495296,0.653944197,0.610586892,0.562271461,0.527090789,,,
Cote d'Ivoire,CIV,"Intentional homicides (per 100,000 people)",VC.IHR.PSRC.P5,,,,,,,,,,,,,,,,,,,,,,,,,,,,,,,,,,,,,,,,,,,,,,,,,,,,,,,,,,,,,,
Cameroon,CMR,"Intentional homicides (per 100,000 people)",VC.IHR.PSRC.P5,,,,,,,,,,,,,,,,,,,,,,,,,,,,,,,,,,,,,,,,,2.958628702,4.739809566,6.302878692,5.963977221,,,,,4.030608943,6.452779349,4.911205986,3.993993799,4.095829947,,0.934667904,1.154586912,1.153530332,1.388093415,,,,
"Congo, Dem. Rep.",COD,"Intentional homicides (per 100,000 people)",VC.IHR.PSRC.P5,,,,,,,,,,,,,,,,,,,,,,,,,,,,,,,,,,,,,,,,,,,,,,,,,,,,,,,,,,,,,,
"Congo, Rep.",COG,"Intentional homicides (per 100,000 people)",VC.IHR.PSRC.P5,,,,,,,,,,,,,,,,,,,,,,,,,,,,,,,,,,,,,,,,,,,,,,,,,,,,,,,,,,,,,,
Colombia,COL,"Intentional homicides (per 100,000 people)",VC.IHR.PSRC.P5,,,,,,,,,,,,,,,,,,,,,,,,,,,,,,,73.49882724,84.19848282,81.87651775,81.04864366,75.72643715,61.2853342,62.97808899,61.49963194,60.18354509,62.44956983,66.96700338,69.15746828,69.4477013,56.70396437,48.03218599,42.46650308,40.4598043,39.32093805,36.47047839,35.34520875,34.18416048,35.31762993,35.68039662,33.16235475,28.40888163,26.89777061,25.74361732,25.01950323,25.3438026,,,
Comoros,COM,"Intentional homicides (per 100,000 people)",VC.IHR.PSRC.P5,,,,,,,,,,,,,,,,,,,,,,,,,,,,,,,,,,,,,,,,,,,,,,,,,,,,,,,,,,,,,,
Cabo Verde,CPV,"Intentional homicides (per 100,000 people)",VC.IHR.PSRC.P5,,,,,,,,,,,,,,,,,,,,,,,,,,,,,,,,,,,,,,,,,,,,3.333888982,4.59902019,9.50254193,7.459966622,6.104402116,7.070870923,7.80821383,7.916467063,10.62426582,11.08381941,10.55223356,12.54158016,8.766246141,11.67300523,7.069780595,6.804422507,,,
Costa Rica,CRI,"Intentional homicides (per 100,000 people)",VC.IHR.PSRC.P5,,,,,,,,,,,,,,,,,,,,,,,,,,,,,,,4.455933701,4.12231663,4.868364002,4.744539184,5.26189644,5.189641926,5.203227322,5.646752096,5.88870402,6.305611634,6.284119425,6.370730929,6.291268159,7.204519251,6.626974247,7.817050223,8.077468213,8.377555779,11.4717878,11.61314555,11.51315897,10.23076196,8.681735059,8.667026141,9.947053316,11.48973608,11.79751705,12.18192893,11.2612545,,,
Caribbean small states,CSS,"Intentional homicides (per 100,000 people)",VC.IHR.PSRC.P5,,,,,,,,,,,,,,,,,,,,,,,,,,,,,,,,,,,,,,,,,,,,,,,,,,,,,29,,27.4,31.5,,,,,,
Cuba,CUB,"Intentional homicides (per 100,000 people)",VC.IHR.PSRC.P5,,,,,,,,,,,,,,,,,,,,,,,,,,,,,,,,,6.268403539,7.433282122,8.312988348,7.824951788,6.691479379,6.797255256,7.410288851,5.494072762,5.275729675,5.418876464,5.901962773,5.71724484,5.866474246,6.073744853,5.114889203,5.04838764,4.583083971,5.032640459,4.49855258,4.752297188,5.516512583,5.973735771,5.306490041,5.465891293,5.046268637,,,,,
Curacao,CUW,"Intentional homicides (per 100,000 people)",VC.IHR.PSRC.P5,,,,,,,,,,,,,,,,,,,,,,,,,,,,,,,,,,,,,,,,,,7.668417622,30.21335275,33.48335955,31.8538143,19.97909879,13.5529922,19.03660153,,,,,,,,,,,,,,
Cayman Islands,CYM,"Intentional homicides (per 100,000 people)",VC.IHR.PSRC.P5,,,,,,,,,,,,,,,,,,,,,,,,,,,,,,,7.902951753,7.535795026,3.599193781,6.880418329,6.55286524,6.218712105,2.935564362,5.531738349,2.608922515,0,9.455147146,4.55228297,0,6.434454358,10.43863129,6.090010353,1.971259043,3.825554705,7.430110523,14.46105457,15.88085827,,,8.342649292,8.21719695,,,,,,,
Cyprus,CYP,"Intentional homicides (per 100,000 people)",VC.IHR.PSRC.P5,,,,,,,,,,,,,,,,,,,,,,,,,,,,,,,0.652217016,0.127694188,0.24980952,0.610687023,0.836216289,1.05215042,1.144916684,0.673257106,0.770322765,1.079856466,0.848097294,0.72895861,0.204714996,1.409071603,1.583515603,1.946174648,1.434709251,1.222139911,0.832125211,1.730278693,0.719025505,0.800115928,1.938247437,1.04907393,0.954614999,1.292004131,1.110931653,0.593378741,1.261286411,,,
Czech Republic,CZE,"Intentional homicides (per 100,000 people)",VC.IHR.PSRC.P5,,,,,,,,,,,,,,,,,,,,,,,,,,,,,,,,,,,1.997883595,1.699138556,1.671448814,1.808799976,1.685516685,1.6688653,1.856283968,1.314377863,1.355798095,1.591931972,1.308664806,1.052819876,1.262306395,1.216505665,1.093497174,0.89624915,0.977552917,0.813892039,0.992316447,0.850137,0.764792792,0.830079829,0.612117977,0.620240593,,,,
Germany,DEU,"Intentional homicides (per 100,000 people)",VC.IHR.PSRC.P5,,,,,,,,,,,,,,,,,,,,,,,,,,,,,,,1.483392855,1.689150686,1.739667254,1.554174346,1.66145163,1.688467764,1.537067943,1.448416294,1.198977857,1.234796416,1.246915221,1.135611761,1.171274358,1.052510715,1.063120007,1.064915235,0.991748907,0.931373222,0.89063506,0.992583915,0.981107786,0.912737937,0.81385526,0.840166637,0.879062919,0.833869164,1.171621645,0.983565991,0.947976619,,,
Djibouti,DJI,"Intentional homicides (per 100,000 people)",VC.IHR.PSRC.P5,,,,,,,,,,,,,,,,,,,,,,,,,,,,,,,,,,,,,,,,,,,,,,,,,,,,,,,,,,,,,,
Dominica,DMA,"Intentional homicides (per 100,000 people)",VC.IHR.PSRC.P5,,,,,,,,,,,,,,,,,,,,,,,,,,,,,,,,,,,,,,,12.82361826,10.02463195,2.871500359,1.43531742,12.88659794,11.4119426,11.36573515,11.33465571,7.0703357,9.887424608,9.882957546,18.34914183,21.16342396,8.461191336,,,12.65983036,12.64488936,22.4381898,26.58830115,,,,
Denmark,DNK,"Intentional homicides (per 100,000 people)",VC.IHR.PSRC.P5,,,,,,,,,,,,,,,,,,,,,,,,,,,,,,,0.797492063,1.319131717,1.198842769,1.36781907,1.439170853,1.127523048,1.294040923,1.667388886,0.92446202,0.977118331,1.085899927,0.970500698,0.893389255,1.20661567,0.795890392,0.977552986,0.532667878,0.712990318,0.982223394,0.850464924,0.75609616,0.823932738,0.837653935,0.85134278,1.306451274,1.089880895,0.980504421,1.238600298,1.008321959,,,
Dominican Republic,DOM,"Intentional homicides (per 100,000 people)",VC.IHR.PSRC.P5,,,,,,,,,,,,,,,,,,,,,,,,,,,,,,,,12.48897415,10.89313003,12.32364761,13.0796242,12.87849112,12.97661719,12.83953171,13.6467218,12.77673742,14.28349335,12.7346327,14.65906947,21.49075564,24.94862077,26.31561013,23.25712323,22.60448175,25.31169384,24.79968123,25.51800045,25.60831466,22.83777247,19.6850668,17.80587893,,15.54184189,11.56650967,10.04973395,,,
Algeria,DZA,"Intentional homicides (per 100,000 people)",VC.IHR.PSRC.P5,,,,,,,,,,,,,,,,,,,,,,,,,,,,,,,,,,,,,,,,,,,,2.01461938,1.373418263,0.615389813,0.927439538,0.793163551,0.944412023,0.783950091,0.705997765,0.763745274,1.398998002,1.258516783,1.482387794,1.364276397,,,,,,
East Asia & Pacific (excluding high income),EAP,"Intentional homicides (per 100,000 people)",VC.IHR.PSRC.P5,,,,,,,,,,,,,,,,,,,,,,,,,,,,,,,,,,,,,,,,,,,,,,,,,,,,,2.1,,1.6,1.5,,,,,,
Early-demographic dividend,EAR,"Intentional homicides (per 100,000 people)",VC.IHR.PSRC.P5,,,,,,,,,,,,,,,,,,,,,,,,,,,,,,,,,,,,,,,,,,,,,,,,,,,,,6.8,,6.3,6,,,,,,
East Asia & Pacific,EAS,"Intentional homicides (per 100,000 people)",VC.IHR.PSRC.P5,,,,,,,,,,,,,,,,,,,,,,,,,,,,,,,,,,,,,,,,,,,,,,,,,,,,,2,,1.5,1.4,,,,,,
Europe & Central Asia (excluding high income),ECA,"Intentional homicides (per 100,000 people)",VC.IHR.PSRC.P5,,,,,,,,,,,,,,,,,,,,,,,,,,,,,,,,,,,,,,,,,,,,,,,,,,,,,5.6,,5.5,6.2,,,,,,
Europe & Central Asia,ECS,"Intentional homicides (per 100,000 people)",VC.IHR.PSRC.P5,,,,,,,,,,,,,,,,,,,,,,,,,,,,,,,,,,,,,,,,,,,,,,,,,,,,,3.1,,3,3.3,,,,,,
Ecuador,ECU,"Intentional homicides (per 100,000 people)",VC.IHR.PSRC.P5,,,,,,,,,,,,,,,,,,,,,,,,,,,,,,,8.718659133,11.00981277,8.725163961,8.447779767,10.16238492,11.97822763,12.49789624,11.0159303,13.4672241,13.51860846,14.4545558,12.8381235,14.50150322,14.48800786,17.57819539,15.34084116,16.9637649,15.89893621,17.93510341,17.76720454,17.47371981,15.37665759,12.4272179,10.98203384,8.21849177,6.489011673,5.839507769,5.7907619,5.800627346,,,
"Egypt, Arab Rep.",EGY,"Intentional homicides (per 100,000 people)",VC.IHR.PSRC.P5,,,,,,,,,,,,,,,,,,,,,,,,,,,,,,,0.47920638,0.501527639,0.47045338,0.407477166,0.378094705,,,,,,,,,0.646746135,0.434125658,0.691174899,0.714158697,0.869208153,1.214273716,1.124055428,2.222054565,3.197709631,2.553740796,,,,,,,,,
Euro area,EMU,"Intentional homicides (per 100,000 people)",VC.IHR.PSRC.P5,,,,,,,,,,,,,,,,,,,,,,,,,,,,,,,,,,,,,,,,,,,,,,,,,,,,,1.1,,1,1,,,,,,
Eritrea,ERI,"Intentional homicides (per 100,000 people)",VC.IHR.PSRC.P5,,,,,,,,,,,,,,,,,,,,,,,,,,,,,,,,,,,,,,,,,,,,,,,,,,,,,,,,,,,,,,
Spain,ESP,"Intentional homicides (per 100,000 people)",VC.IHR.PSRC.P5,,,,,,,,,,,,,,,,,,,,,,,,,,,,,,,1.234507228,1.118346531,1.118397897,1.198460638,1.081692248,1.032990006,0.994764033,1.156479811,1.298457043,1.201350496,1.354570616,1.396437429,1.34543291,1.378048948,1.200692384,1.176761424,1.06419699,1.060994622,0.883461047,0.884432076,0.854445688,0.817683334,0.773430388,0.643504017,0.69049661,0.647070029,0.630439538,0.658128503,0.621079928,,,
Estonia,EST,"Intentional homicides (per 100,000 people)",VC.IHR.PSRC.P5,,,,,,,,,,,,,,,,,,,,,,,,,,,,,,,7.538751097,7.686246141,14.26870269,18.95084876,20.72624203,17.16647151,15.09443544,12.62699709,13.93678672,11.18405681,10.22077591,9.843799735,10.26948726,10.7072308,6.673658118,8.335484823,6.743872895,7.141289672,6.417589568,5.238971964,5.254848912,4.895680579,4.761318145,3.942177356,3.114855353,3.421194681,2.506633083,2.197987099,2.116541299,,,
Ethiopia,ETH,"Intentional homicides (per 100,000 people)",VC.IHR.PSRC.P5,,,,,,,,,,,,,,,,,,,,,,,,,,,,,,,,,,,,,,,,,,,,,,,,,,,,,8.792478547,,,,,,,,,
European Union,EUU,"Intentional homicides (per 100,000 people)",VC.IHR.PSRC.P5,,,,,,,,,,,,,,,,,,,,,,,,,,,,,,,,,,,,,,,,,,,,,,,,,,,,,1.1,,1,1,,,,,,
Fragile and conflict affected situations,FCS,"Intentional homicides (per 100,000 people)",VC.IHR.PSRC.P5,,,,,,,,,,,,,,,,,,,,,,,,,,,,,,,,,,,,,,,,,,,,,,,,,,,,,15.3,,10.5,9.5,,,,,,
Finland,FIN,"Intentional homicides (per 100,000 people)",VC.IHR.PSRC.P5,,,,,,,,,,,,,,,,,,,,,,,,,,,,,,,3.042299979,3.068258389,3.092214597,2.563201652,2.883998517,2.852112869,2.978401334,2.698117529,2.188126182,2.762793327,2.85276293,2.999725987,2.531952473,1.970497633,2.823255614,2.262816431,2.254859791,2.435000126,2.500257545,2.246237832,2.217756063,2.040802696,1.625184749,1.636335021,1.611305505,1.496042421,1.346013998,1.251956863,1.629671612,,,
Fiji,FJI,"Intentional homicides (per 100,000 people)",VC.IHR.PSRC.P5,,,,,,,,,,,,,,,,,,,,,,,,,,,,,,,4.392135333,2.311673407,3.492417425,1.986854968,4.571536049,3.095064919,1.657340937,1.639890203,,,,,,3.063432662,2.812203496,2.799395331,2.657425269,2.511405969,2.010987087,3.397232544,2.326079068,2.316286622,2.311964997,2.195004171,2.308277367,,,,,,,
France,FRA,"Intentional homicides (per 100,000 people)",VC.IHR.PSRC.P5,,,,,,,,,,,,,,,,,,,,,,,,,,,,,,,2.39116827,2.380802613,2.348320993,2.647707985,2.441518088,2.311343227,2.018545973,1.6540521,1.644302189,1.62338821,1.780900384,1.763097431,1.871130009,1.638131016,1.631026352,1.596855295,1.429060928,1.604998181,1.64123616,1.309501514,1.265912669,1.353954161,1.233398208,1.216085744,1.233768813,1.570131652,1.351527094,1.27077123,1.198636503,,,
Faroe Islands,FRO,"Intentional homicides (per 100,000 people)",VC.IHR.PSRC.P5,,,,,,,,,,,,,,,,,,,,,,,,,,,,,,,,,,,,,,,,,,,,,,,,,,,,,,,,,,,,,,
"Micronesia, Fed. Sts.",FSM,"Intentional homicides (per 100,000 people)",VC.IHR.PSRC.P5,,,,,,,,,,,,,,,,,,,,,,,,,,,,,,,,,,,,,,,,,,,,,,,,,,,,,,,,,,,,,,
Gabon,GAB,"Intentional homicides (per 100,000 people)",VC.IHR.PSRC.P5,,,,,,,,,,,,,,,,,,,,,,,,,,,,,,,,,,,,,,,,,,,,,,,,,,,,,,,,,,,,,,
United Kingdom,GBR,"Intentional homicides (per 100,000 people)",VC.IHR.PSRC.P5,,,,,,,,,,,,,,,,,,,,,,,,,,,,,,,1.24871696,1.281490995,1.512583421,1.536397544,1.590973326,1.553533469,1.445445928,1.483518707,1.574090652,1.566867991,1.552866052,1.633846618,1.865951714,1.55469742,1.586698191,1.383360951,1.413977188,1.420548063,1.226162681,1.123691719,1.191305343,1.001219551,0.971711871,0.927920505,0.900294343,0.989976503,1.193098839,1.203402563,1.204914777,,,
Georgia,GEO,"Intentional homicides (per 100,000 people)",VC.IHR.PSRC.P5,,,,,,,,,,,,,,,,,,,,,,,,,,,,,,,4.990388881,7.798256317,14.51755068,16.85559135,11.3397236,7.857319123,5.570884659,6.051474479,5.311015702,5.474961922,5.478906896,6.120576284,6.856756947,7.124439422,7.051900807,9.572087318,7.709342052,7.919632529,6.348596357,5.097718407,4.561981471,,,,2.676374306,,0.971246859,,2.223362494,,,
Ghana,GHA,"Intentional homicides (per 100,000 people)",VC.IHR.PSRC.P5,,,,,,,,,,,,,,,,,,,,,,,,,,,,,,,,,,,,,,,,,,2.19163616,1.980601368,2.101173631,2.124826206,1.80154179,1.841006974,1.737506263,1.824830528,1.766583952,1.703012807,1.666160319,2.154139945,2.070833713,1.994528454,1.885152692,1.927536766,2.091241017,,,,
Gibraltar,GIB,"Intentional homicides (per 100,000 people)",VC.IHR.PSRC.P5,,,,,,,,,,,,,,,,,,,,,,,,,,,,,,,,,,,,,,,,,,,,,,,,,,0,2.977519726,,,,,,,,,,,
Guinea,GIN,"Intentional homicides (per 100,000 people)",VC.IHR.PSRC.P5,,,,,,,,,,,,,,,,,,,,,,,,,,,,,,,,,,,,,,,,,,,,,,,,,,,,,,,,,,,,,,
"Gambia, The",GMB,"Intentional homicides (per 100,000 people)",VC.IHR.PSRC.P5,,,,,,,,,,,,,,,,,,,,,,,,,,,,,,,,,,,,,,,,,,,,,,,,,,,,,,,,,,,,,,
Guinea-Bissau,GNB,"Intentional homicides (per 100,000 people)",VC.IHR.PSRC.P5,,,,,,,,,,,,,,,,,,,,,,,,,,,,,,,,,,,,,,,,,,,,,,,,,,,,,,4.914276215,3.84062471,2.763055871,3.590595781,1.148704753,,,,
Equatorial Guinea,GNQ,"Intentional homicides (per 100,000 people)",VC.IHR.PSRC.P5,,,,,,,,,,,,,,,,,,,,,,,,,,,,,,,,,,,,,,,,,,,,,,,,,,,,,,,,,,,,,,
Greece,GRC,"Intentional homicides (per 100,000 people)",VC.IHR.PSRC.P5,,,,,,,,,,,,,,,,,,,,,,,,,,,,,,,1.017016445,1.337843352,1.314750755,1.423986058,1.24942003,1.405239141,1.560172003,1.861318393,1.604357874,1.405526112,,1.185510156,0.840613584,1.087452677,0.987984594,1.175967501,0.98343968,1.169025746,1.304310965,1.386953946,1.616511935,1.699129584,1.539728854,1.424514555,0.99986357,0.872441787,0.791319377,0.813665878,0.940863945,,,
Grenada,GRD,"Intentional homicides (per 100,000 people)",VC.IHR.PSRC.P5,,,,,,,,,,,,,,,,,,,,,,,,,,,,,,,,,,,,,,,,,14.5861898,5.811588307,13.50881933,8.653596531,5.750100627,10.51042443,11.43532372,10.45796374,15.17206065,6.61707015,9.413802517,3.745809376,13.02907345,5.546721887,7.346189164,5.474302711,9.976147937,10.82309649,,,,
Greenland,GRL,"Intentional homicides (per 100,000 people)",VC.IHR.PSRC.P5,,,,,,,,,,,,,,,,,,,,,,,,,,,,,,,,,23.27371681,21.48727774,10.74941326,19.70972944,5.373455132,19.68750559,10.72366893,19.62463427,23.14114317,30.17608634,21.23217382,8.817253602,19.34304002,17.55957084,14.04297149,14.05283867,14.0755859,17.62766839,19.42158975,1.768190257,14.16505834,12.40870737,7.094336946,7.094966122,5.318394554,,,,,
Guatemala,GTM,"Intentional homicides (per 100,000 people)",VC.IHR.PSRC.P5,,,,,,,,,,,,,,,,,,,,,,,,,,,,,,,,,27.49122629,32.50928517,31.84136375,31.32059744,33.99182994,36.72054827,29.73008852,23.31563628,24.92544682,27.08608789,29.74071113,33.89470116,35.21939566,40.76045042,43.92767288,42.19607621,44.92225708,45.38897788,40.73703968,38.00307075,33.75729351,33.68209984,31.38808828,29.39868973,27.25669943,26.07156651,22.50134872,,,
Guam,GUM,"Intentional homicides (per 100,000 people)",VC.IHR.PSRC.P5,,,,,,,,,,,,,,,,,,,,,,,,,,,,,,,,,,,,,,,,,1.287639307,5.115253045,1.272483187,5.072183512,5.692815667,4.419024532,6.933545122,0.629532635,0.628784497,3.140072347,1.881597351,2.504853153,,,,,,,,,,
Guyana,GUY,"Intentional homicides (per 100,000 people)",VC.IHR.PSRC.P5,,,,,,,,,,,,,,,,,,,,,,,,,,,,,,,12.10806855,25.78991695,14.02625715,15.51434016,14.23119901,14.31765222,11.56675662,11.47795112,14.99115124,12.1385772,10.1778717,10.73528662,19.20006874,28.04834515,17.56651474,19.0308729,20.50017753,15.40569904,21.15651132,15.64761046,18.68086412,17.28656741,18.40113955,20.41404961,19.51868751,19.41537567,18.40897217,14.83453687,14.24890919,,,
High income,HIC,"Intentional homicides (per 100,000 people)",VC.IHR.PSRC.P5,,,,,,,,,,,,,,,,,,,,,,,,,,,,,,,,,,,,,,,,,,,,,,,,,,,,,2.2,,2,2.2,,,,,,
"Hong Kong SAR, China",HKG,"Intentional homicides (per 100,000 people)",VC.IHR.PSRC.P5,,,,,,,,,,,,,,,,,,,,,,,,,,,,,,,2.391783995,1.586195957,1.841512291,1.450660017,1.600101607,1.199822361,1.244829914,1.619070235,0.997351409,0.965893089,0.650891085,0.990280992,1.029578599,0.773270191,0.667204087,0.50224689,0.514548264,0.263157241,0.523114315,0.678735449,0.502417057,0.242628448,0.383150081,0.874621585,0.378433867,0.30615119,0.386551274,0.328482963,0.651136341,,,
Honduras,HND,"Intentional homicides (per 100,000 people)",VC.IHR.PSRC.P5,,,,,,,,,,,,,,,,,,,,,,,,,,,,,,,10.00005247,13.8036729,18.21096232,23.21887596,30.31996349,26.86980755,,,,40.06477895,48.30778263,51.65944106,52.28547262,57.31515441,49.96599594,43.06217658,40.84201619,45.94980867,55.82038741,64.77907636,74.97474892,83.76696653,83.00261137,73.09180494,65.78022482,56.49132263,55.55079748,40.97988592,38.9255911,,,
Heavily indebted poor countries (HIPC),HPC,"Intentional homicides (per 100,000 people)",VC.IHR.PSRC.P5,,,,,,,,,,,,,,,,,,,,,,,,,,,,,,,,,,,,,,,,,,,,,,,,,,,,,12.6,,8.3,8.1,,,,,,
Croatia,HRV,"Intentional homicides (per 100,000 people)",VC.IHR.PSRC.P5,,,,,,,,,,,,,,,,,,,,,,,,,,,,,,,2.868287005,9.180666483,8.176863659,4.640729812,3.07011894,3.595592843,2.666731951,2.603474314,2.337537785,2.490774038,2.280900843,1.837537627,1.660675344,1.572144695,1.893301295,1.553197234,1.693060876,1.421227221,1.631194317,1.12870431,1.432478398,1.136074348,1.18718704,1.075622581,0.845960468,0.874110592,1.045475574,1.099729443,0.577421797,,,
Haiti,HTI,"Intentional homicides (per 100,000 people)",VC.IHR.PSRC.P5,,,,,,,,,,,,,,,,,,,,,,,,,,,,,,,,,,,,,,,,,,,,,,,,5.118302291,5.162456707,6.103257731,6.804486499,9.049218243,10.07714233,9.989739125,9.289973928,10.01351965,9.48341583,,6.67974266,,,
Hungary,HUN,"Intentional homicides (per 100,000 people)",VC.IHR.PSRC.P5,,,,,,,,,,,,,,,,,,,,,,,,,,,,,,,1.936950806,2.962448314,2.944407084,2.876711112,3.021939668,2.860094607,2.622804599,2.803517376,2.811390705,2.468435491,2.005770946,2.491795958,1.996599683,2.248223386,2.066344284,1.626025611,1.730369284,1.536288634,1.811473271,1.39566094,1.390094869,1.46528453,1.257050253,1.566007788,1.489037573,2.260193241,2.071163963,2.487198635,,,,
IBRD only,IBD,"Intentional homicides (per 100,000 people)",VC.IHR.PSRC.P5,,,,,,,,,,,,,,,,,,,,,,,,,,,,,,,,,,,,,,,,,,,,,,,,,,,,,5.8,,5.6,5.6,,,,,,
IDA & IBRD total,IBT,"Intentional homicides (per 100,000 people)",VC.IHR.PSRC.P5,,,,,,,,,,,,,,,,,,,,,,,,,,,,,,,,,,,,,,,,,,,,,,,,,,,,,7,,5.9,5.9,,,,,,
IDA total,IDA,"Intentional homicides (per 100,000 people)",VC.IHR.PSRC.P5,,,,,,,,,,,,,,,,,,,,,,,,,,,,,,,,,,,,,,,,,,,,,,,,,,,,,10.9,,7.1,6.9,,,,,,
IDA blend,IDB,"Intentional homicides (per 100,000 people)",VC.IHR.PSRC.P5,,,,,,,,,,,,,,,,,,,,,,,,,,,,,,,,,,,,,,,,,,,,,,,,,,,,,11.9,,8,7.7,,,,,,
Indonesia,IDN,"Intentional homicides (per 100,000 people)",VC.IHR.PSRC.P5,,,,,,,,,,,,,,,,,,,,,,,,,,,,,,,,,,,,,,,0.8545405,1.001844684,1.04201228,,,0.742137856,0.635508775,,,,0.582665065,0.549407827,0.43748977,0.598492172,0.586029364,0.550425238,0.500532917,0.577049774,0.493966146,0.434534589,,,,
IDA only,IDX,"Intentional homicides (per 100,000 people)",VC.IHR.PSRC.P5,,,,,,,,,,,,,,,,,,,,,,,,,,,,,,,,,,,,,,,,,,,,,,,,,,,,,10.4,,6.7,6.5,,,,,,
Isle of Man,IMN,"Intentional homicides (per 100,000 people)",VC.IHR.PSRC.P5,,,,,,,,,,,,,,,,,,,,,,,,,,,,,,,,,,,,,,,,,,,,,,,,,,,,1.178008929,2.365911941,2.381377627,3.593330778,1.201460977,0,,,,,
India,IND,"Intentional homicides (per 100,000 people)",VC.IHR.PSRC.P5,,,,,,,,,,,,,,,,,,,,,,,,,,,,,,,5.057039129,5.449956298,5.464381008,5.170023736,5.018814325,4.812212171,4.775413228,4.737536085,4.834996922,4.602921312,4.558784281,4.318139157,4.18323251,3.988311009,4.115530652,3.929471074,3.857703033,3.833809745,3.831111723,3.763079037,3.76413425,3.810322288,3.75088806,3.581862223,3.655138309,3.386857916,3.222155091,3.124876793,3.079232442,,,
Not classified,INX,"Intentional homicides (per 100,000 people)",VC.IHR.PSRC.P5,,,,,,,,,,,,,,,,,,,,,,,,,,,,,,,,,,,,,,,,,,,,,,,,,,,,,,,,,,,,,,
Ireland,IRL,"Intentional homicides (per 100,000 people)",VC.IHR.PSRC.P5,,,,,,,,,,,,,,,,,,,,,,,,,,,,,,,0.484208949,0.65383557,0.708245995,0.648448277,0.700688749,1.197044692,1.160338631,1.04078337,1.030418776,1.018364871,0.97803518,1.353372618,1.330605592,0.929630256,0.739256569,1.255669226,1.465506584,1.803614582,1.154925042,1.179200155,1.207641958,0.914810455,1.12842349,1.104990092,1.123874289,0.666319894,0.787939835,0.862562091,0.87160546,,,
"Iran, Islamic Rep.",IRN,"Intentional homicides (per 100,000 people)",VC.IHR.PSRC.P5,,,,,,,,,,,,,,,,,,,,,,,,,,,,,,,,,,,,,,,,,,,,2.646685265,2.922353333,,,,,3.037374114,,,,2.663373062,2.499168375,,,,,,,
Iraq,IRQ,"Intentional homicides (per 100,000 people)",VC.IHR.PSRC.P5,,,,,,,,,,,,,,,,,,,,,,,,,,,,,,,6.705278277,6.545754854,7.591260867,5.898152828,6.484351474,,,,,,,,,,,,,,16.19122898,8.81505595,9.047818173,8.572738334,8.457193431,10.07025321,,,,,,,,
Iceland,ISL,"Intentional homicides (per 100,000 people)",VC.IHR.PSRC.P5,,,,,,,,,,,,,,,,,,,,,,,,,,,,,,,,,,,0,0,0.370172945,0.73338247,0,0.71976622,1.782918924,0.353469301,1.401890449,0,1.030566606,1.017031894,0,0.655348793,0,0.316398624,0.624332744,0.927440172,0.307085695,0.305629076,0.608657545,0.908438485,0.301015325,0.897142601,0.890969137,,,
Israel,ISR,"Intentional homicides (per 100,000 people)",VC.IHR.PSRC.P5,,,,,,,,,,,,,,,,,,,,,,,,,,,,,,,3.304597572,2.440456671,3.134976959,2.860381145,2.742102695,2.12468566,2.156983807,2.80245344,2.579273624,2.351953942,2.58999867,3.184461675,3.371527226,2.723635132,2.485730111,2.588265204,2.290199399,1.971623806,1.709199138,2.002771335,2.041803615,1.96337832,1.680904894,1.641922761,1.375057676,1.378705962,1.282528119,1.492021506,,,,
Italy,ITA,"Intentional homicides (per 100,000 people)",VC.IHR.PSRC.P5,,,,,,,,,,,,,,,,,,,,,,,,,,,,,,,3.144707171,3.394751536,2.58288922,1.87245586,1.693655093,1.770022576,1.670018649,1.534172695,1.566719839,1.44557569,1.351156415,1.246590163,1.126218272,1.249031762,1.232130208,1.04664953,1.067598291,1.074081641,1.043750703,0.998212996,0.891694785,0.926344378,0.885111389,0.834346793,0.78629858,0.774202209,0.659379773,0.611467632,0.569050661,,,
Jamaica,JAM,"Intentional homicides (per 100,000 people)",VC.IHR.PSRC.P5,,,,,,,,,,,,,,,,,,,,,,,,,,,,,,,22.48025849,23.20310217,25.6801272,26.44306912,27.58024776,30.78495721,36.15214543,40.17161562,32.92608229,32.43846473,33.41246349,42.58411953,38.80656986,35.98532242,53.98131461,61.09489051,48.64918636,57.22069959,58.19828324,60.1965993,51.48616029,40.09296756,38.66820917,42.01195644,34.95485606,41.78450265,46.58937556,56.38773397,43.85228153,,,
Jordan,JOR,"Intentional homicides (per 100,000 people)",VC.IHR.PSRC.P5,,,,,,,,,,,,,,,,,,,,,,,,,,,,,,,3.365220669,3.217663216,3.544791457,3.927113721,4.466758587,0.762719658,0.950801716,0.866240861,,,,,,,,1.162056799,1.669018035,1.790484534,1.830252332,1.479706693,1.597457069,1.840044537,1.99012035,1.690340829,1.906081319,1.629512874,1.371112399,1.359106628,,,,
Japan,JPN,"Intentional homicides (per 100,000 people)",VC.IHR.PSRC.P5,,,,,,,,,,,,,,,,,,,,,,,,,,,,,,,0.542949023,0.511487399,0.536976797,0.568781122,0.595780539,0.572941254,0.514828567,0.559527655,0.609672461,0.578043476,0.531663927,0.545751414,0.517619895,0.544283057,0.54522402,0.501067144,0.482001864,0.446713291,0.508796405,0.39360525,0.361748485,0.343971639,0.334050826,0.288354704,0.308187737,0.28362668,0.283336524,0.239994865,0.262574096,,,
Kazakhstan,KAZ,"Intentional homicides (per 100,000 people)",VC.IHR.PSRC.P5,,,,,,,,,,,,,,,,,,,,,,,,,,,,,,,9.002750936,9.234541975,11.53175505,15.98154793,15.90915219,15.44885945,16.79255646,16.7532076,16.66209353,15.8049896,15.58026537,14.48672041,13.13418692,13.18539117,13.71146102,,,,11.39191556,11.03907214,8.534190879,8.610930218,7.557521785,6.578128966,5.224642582,4.854310918,,5.06083427,,,,
Kenya,KEN,"Intentional homicides (per 100,000 people)",VC.IHR.PSRC.P5,,,,,,,,,,,,,,,,,,,,,,,,,,,,,,,,,,,,,,,,,,,,,3.366608703,2.958643133,2.937551739,2.846230245,3.053831144,4.663560267,4.58236654,5.259590067,5.353663242,5.382251216,4.935753513,4.722386046,4.817382764,4.910282215,4.928728024,,,
Kyrgyz Republic,KGZ,"Intentional homicides (per 100,000 people)",VC.IHR.PSRC.P5,,,,,,,,,,,,,,,,,,,,,,,,,,,,,,,13.78952339,8.281241833,10.50695614,12.22165624,12.08283246,11.71679264,11.2109488,9.329208647,8.878634704,8.907410451,8.738572792,7.777806211,8.234034088,8.377317575,8.315150144,9.674228722,8.703493633,8.024096981,7.935346526,7.854225573,16.76410998,8.463323273,6.759661825,5.251851583,5.475213452,5.118200219,4.395548676,4.135885153,2.189077613,,,
Cambodia,KHM,"Intentional homicides (per 100,000 people)",VC.IHR.PSRC.P5,,,,,,,,,,,,,,,,,,,,,,,,,,,,,,,,,4.457652766,6.007586007,2.9366438,3.725549906,4.934935785,2.805658828,6.835906352,4.887912839,4.697562146,3.280826407,3.362948646,3.95918816,3.91077165,3.375182838,2.967864336,2.872816888,2.398472756,2.348582921,2.312711424,1.843011079,,,,,,,,,,
Kiribati,KIR,"Intentional homicides (per 100,000 people)",VC.IHR.PSRC.P5,,,,,,,,,,,,,,,,,,,,,,,,,,,,,,,,0,0,0,0,0,1.267362871,0,0,0,3.554291807,4.659615116,,,,,,,7.087889834,0.990805327,3.886136209,10.50269728,7.52169539,,,,,,,,,
St. Kitts and Nevis,KNA,"Intentional homicides (per 100,000 people)",VC.IHR.PSRC.P5,,,,,,,,,,,,,,,,,,,,,,,,,,,,,,,,,,,,9.506381158,9.417969486,16.33338778,18.50780798,13.75452753,6.805344464,13.45231156,11.06978392,21.85840128,23.74630313,17.07504482,35.91574589,33.49452574,47.7396322,55.5566987,42.84752403,68.76744468,36.08588441,,,,,,,,,
"Korea, Rep.",KOR,"Intentional homicides (per 100,000 people)",VC.IHR.PSRC.P5,,,,,,,,,,,,,,,,,,,,,,,,,,,,,,,0.484716008,0.499283974,0.546884247,0.691172055,0.498723744,0.503785383,0.538533927,0.600433459,0.81018203,0.818185049,0.780858013,0.853462448,0.772380899,0.801109493,0.865970515,0.843982909,0.850396174,0.877740823,0.873530511,1.078645607,0.978157179,0.80946202,0.868946159,0.699165689,0.744942924,0.737853645,0.708072969,0.589082505,0.603849393,,,
Kuwait,KWT,"Intentional homicides (per 100,000 people)",VC.IHR.PSRC.P5,,,,,,,,,,,,,,,,,,,,,,,,,,,,,,,,,,,,,0.983490876,,,,,1.854252872,1.076279685,1.341582679,1.954103117,1.806011463,1.895805677,2.356205567,1.430717505,1.73694746,2.005425344,1.862341993,1.821519733,,,,,,,,,
Latin America & Caribbean (excluding high income),LAC,"Intentional homicides (per 100,000 people)",VC.IHR.PSRC.P5,,,,,,,,,,,,,,,,,,,,,,,,,,,,,,,,,,,,,,,,,,,,,,,,,,,,,22.3,,20,21.1,,,,,,
Lao PDR,LAO,"Intentional homicides (per 100,000 people)",VC.IHR.PSRC.P5,,,,,,,,,,,,,,,,,,,,,,,,,,,,,,,,,,,,,,,,,,,,,,,,,,,,,,,,,,,,,,
Lebanon,LBN,"Intentional homicides (per 100,000 people)",VC.IHR.PSRC.P5,,,,,,,,,,,,,,,,,,,,,,,,,,,,,,,,,,,,,,,,,,,,,,,,,3.840709209,3.012657733,3.290892264,3.229513447,3.503310086,3.991195018,3.833225311,3.536067351,3.500002457,3.607369769,2.492926503,,,
Liberia,LBR,"Intentional homicides (per 100,000 people)",VC.IHR.PSRC.P5,,,,,,,,,,,,,,,,,,,,,,,,,,,,,,,,,,,,,,,,,,,,,,,,2.888578014,4.905951252,3.862413892,3.315038944,4.007521196,3.264289973,,,,,,,,,
Libya,LBY,"Intentional homicides (per 100,000 people)",VC.IHR.PSRC.P5,,,,,,,,,,,,,,,,,,,,,,,,,,,,,,,,,,,,,,,,,,,,,,,,,,,,,,,,,,,,,,
St. Lucia,LCA,"Intentional homicides (per 100,000 people)",VC.IHR.PSRC.P5,,,,,,,,,,,,,,,,,,,,,,,,,,,,,,,10.14353096,7.142806123,9.875985835,5.578722751,6.892748828,10.89391371,8.062511338,8.613835144,9.148951465,10.32337988,14.67426326,21.49395641,26.3501305,22.42571482,22.86477033,25.09057084,26.00104004,17.29856124,22.93969214,22.64505902,25.27399306,26.20515216,22.07705458,18.59102561,19.06823624,15.63101864,16.66407448,29.28904976,21.4415306,,,
Latin America & Caribbean,LCN,"Intentional homicides (per 100,000 people)",VC.IHR.PSRC.P5,,,,,,,,,,,,,,,,,,,,,,,,,,,,,,,,,,,,,,,,,,,,,,,,,,,,,23.2,,22.5,22.3,,,,,,
Least developed countries: UN classification,LDC,"Intentional homicides (per 100,000 people)",VC.IHR.PSRC.P5,,,,,,,,,,,,,,,,,,,,,,,,,,,,,,,,,,,,,,,,,,,,,,,,,,,,,10,,6.3,6.2,,,,,,
Low income,LIC,"Intentional homicides (per 100,000 people)",VC.IHR.PSRC.P5,,,,,,,,,,,,,,,,,,,,,,,,,,,,,,,,,,,,,,,,,,,,,,,,,,,,,11.4,,7.3,7.3,,,,,,
Liechtenstein,LIE,"Intentional homicides (per 100,000 people)",VC.IHR.PSRC.P5,,,,,,,,,,,,,,,,,,,,,,,,,,,,,,,,,,,0,0,0,0,0,3.052037235,0,0,0,0,2.903263268,0,0,0,2.819363388,0,2.778086454,0,0,0,2.686799753,0,0,2.645152758,2.637269898,,,
Sri Lanka,LKA,"Intentional homicides (per 100,000 people)",VC.IHR.PSRC.P5,,,,,,,,,,,,,,,,,,,,,,,,,,,,,,,11.45692292,,,,,8.847269327,9.663918847,10.02117006,,10.28221547,,,,6.814385907,7.102641631,6.236893059,10.37775379,,10.01802243,5.461274446,3.76571842,3.588499858,3.292325536,2.9956851,2.660123053,2.329249287,2.521267006,2.300262003,2.421243634,,,
Lower middle income,LMC,"Intentional homicides (per 100,000 people)",VC.IHR.PSRC.P5,,,,,,,,,,,,,,,,,,,,,,,,,,,,,,,,,,,,,,,,,,,,,,,,,,,,,5.7,,4.5,4.5,,,,,,
Low & middle income,LMY,"Intentional homicides (per 100,000 people)",VC.IHR.PSRC.P5,,,,,,,,,,,,,,,,,,,,,,,,,,,,,,,,,,,,,,,,,,,,,,,,,,,,,6.8,,5.6,5.6,,,,,,
Lesotho,LSO,"Intentional homicides (per 100,000 people)",VC.IHR.PSRC.P5,,,,,,,,,,,,,,,,,,,,,,,,,,,,,,,30.46209055,31.50584149,35.90897971,36.49360649,44.75311378,,,,,,,,,,,,,45.04445561,37.84352307,36.32919375,38.28470491,35.5326124,31.81160384,32.43731415,,43.56460456,,,,,,
Late-demographic dividend,LTE,"Intentional homicides (per 100,000 people)",VC.IHR.PSRC.P5,,,,,,,,,,,,,,,,,,,,,,,,,,,,,,,,,,,,,,,,,,,,,,,,,,,,,5,,4.6,4.8,,,,,,
Lithuania,LTU,"Intentional homicides (per 100,000 people)",VC.IHR.PSRC.P5,,,,,,,,,,,,,,,,,,,,,,,,,,,,,,,4.870083752,5.787771089,7.212379915,11.33313337,12.74272144,13.84213187,11.23827473,10.92205924,8.747897411,8.755552621,10.56586791,10.16230028,8.505630408,10.07507395,10.14452548,11.12354037,8.718477633,8.499581465,9.275204981,7.956378837,7.010635999,6.843090846,6.632603977,6.58039481,5.350836514,5.866558977,5.294932957,4.53360296,4.569356042,,,
Luxembourg,LUX,"Intentional homicides (per 100,000 people)",VC.IHR.PSRC.P5,,,,,,,,,,,,,,,,,,,,,,,,,,,,,,,,,,,1.490924,0.490021928,0.966185909,0.952428574,0.939346403,1.391262408,0.917208202,2.04453915,1.352182761,0.670665322,0.442652195,0.873652391,1.503400908,1.473941763,1.648115071,1.006976332,1.96893028,0.770249869,0,0.184313451,0.721354993,0.882237212,0.863161311,0.337886923,,,,
Latvia,LVA,"Intentional homicides (per 100,000 people)",VC.IHR.PSRC.P5,,,,,,,,,,,,,,,,,,,,,,,,,,,,,,,,,9.884537911,14.98456242,13.68122433,11.48107457,10.8115435,11.08706197,10.28575472,9.50961925,9.982593377,9.284818813,9.174595117,8.76034599,7.942351691,5.595036581,5.752646105,4.276441946,4.559589692,5.035472104,3.303671087,3.295749057,3.383247512,2.445047556,3.166404449,3.353898908,3.494971546,4.151510663,4.355804966,,,
"Macao SAR, China",MAC,"Intentional homicides (per 100,000 people)",VC.IHR.PSRC.P5,,,,,,,,,,,,,,,,,,,,,,,,,,,,,,,,5.372953682,1.932057807,3.511662772,3.97030214,2.075135467,4.321565118,7.474716771,5.859088912,8.843465874,2.337693912,1.826784312,0.445619891,1.738537065,0.848176421,0.828392318,2.025094977,1.189286904,0.776349295,1.139815464,0.371598711,0.726172905,0.709173334,0.173199762,0,0.166087299,0.163178988,0.321244888,0.316639568,,,
St. Martin (French part),MAF,"Intentional homicides (per 100,000 people)",VC.IHR.PSRC.P5,,,,,,,,,,,,,,,,,,,,,,,,,,,,,,,,,,,,,,,,,,,,,,,,,,,,21.36124536,5.403652869,21.94305777,22.21111666,16.72940192,27.7307895,,,,,
Morocco,MAR,"Intentional homicides (per 100,000 people)",VC.IHR.PSRC.P5,,,,,,,,,,,,,,,,,,,,,,,,,,,,,,,0.358763035,0.490886786,0.513390748,0.565852975,0.692133337,,,2.637403213,1.97791234,1.897699651,1.60104623,1.864292997,1.568506827,1.71239293,1.560673887,1.539948547,1.616637,1.65898304,1.350802572,1.352998287,1.394411914,1.345256187,1.152160445,1.272404062,1.038243692,1.243378935,1.691041868,2.138766486,1.415522885,,,
Monaco,MCO,"Intentional homicides (per 100,000 people)",VC.IHR.PSRC.P5,,,,,,,,,,,,,,,,,,,,,,,,,,,,,,,,,,,,,,,,,,3.079386586,,,2.985163736,2.954908102,2.924917371,0,0,0,0,0,0,0,,0,,,,,,
Moldova,MDA,"Intentional homicides (per 100,000 people)",VC.IHR.PSRC.P5,,,,,,,,,,,,,,,,,,,,,,,,,,,,,,,6.642901876,6.628491129,11.40101316,8.853495243,9.199800862,9.261388167,9.267357471,9.658281148,8.813502756,9.252609248,10.30300103,9.815870041,9.597369986,7.64387498,6.645933912,7.116588961,6.318941582,5.254073178,5.738063248,6.003638791,6.4854176,5.29519875,5.618523364,4.147661664,4.296157983,4.642930402,4.918823427,3.473174163,4.096792902,,,
Madagascar,MDG,"Intentional homicides (per 100,000 people)",VC.IHR.PSRC.P5,,,,,,,,,,,,,,,,,,,,,,,,,,,,,,,,,,,,,,,,,,,,,,,,,,,,,,,,,,,,,,
Maldives,MDV,"Intentional homicides (per 100,000 people)",VC.IHR.PSRC.P5,,,,,,,,,,,,,,,,,,,,,,,,,,,,,,,0.448110988,,,,,0.786955427,,2.274139996,,,,2.444910918,2.719377263,1.32152332,,,,0.895062833,1.455824463,1.697836108,1.640554507,0.788450773,2.517426888,0.721861826,,,,,,,,
Middle East & North Africa,MEA,"Intentional homicides (per 100,000 people)",VC.IHR.PSRC.P5,,,,,,,,,,,,,,,,,,,,,,,,,,,,,,,,,,,,,,,,,,,,,,,,,,,,,3.8,,3.9,3.4,,,,,,
Mexico,MEX,"Intentional homicides (per 100,000 people)",VC.IHR.PSRC.P5,,,,,,,,,,,,,,,,,,,,,,,,,,,,,,,17.26525939,17.69095582,19.05710489,18.09864075,17.56835977,17.03190012,15.57215261,14.32391461,14.2166606,12.56503282,10.85643764,10.25442622,9.920856973,9.785506585,8.925997121,9.358974931,9.717353048,8.122157319,12.63905213,17.60831917,22.57545056,23.52123248,22.14213334,19.40886275,16.62579637,17.03782865,19.91269533,25.7089978,29.07106163,,,
Marshall Islands,MHL,"Intentional homicides (per 100,000 people)",VC.IHR.PSRC.P5,,,,,,,,,,,,,,,,,,,,,,,,,,,,,,,,10.32993823,4.061573454,,3.982952961,,,,,,,,,,,,,,,,,,,,,,,,,,,
Middle income,MIC,"Intentional homicides (per 100,000 people)",VC.IHR.PSRC.P5,,,,,,,,,,,,,,,,,,,,,,,,,,,,,,,,,,,,,,,,,,,,,,,,,,,,,6.3,,5.4,5.5,,,,,,
North Macedonia,MKD,"Intentional homicides (per 100,000 people)",VC.IHR.PSRC.P5,,,,,,,,,,,,,,,,,,,,,,,,,,,,,,,,,,,,,,,2.385624228,1.877105878,2.30978321,2.692325014,2.928357728,3.408937064,2.382058916,2.13563205,2.229619821,2.03349653,1.693022185,1.691613945,2.076555352,1.447538316,1.398078847,1.059697071,1.684490177,1.202307469,0.913134039,1.488955791,1.200216807,,,
Mali,MLI,"Intentional homicides (per 100,000 people)",VC.IHR.PSRC.P5,,,,,,,,,,,,,,,,,,,,,,,,,,,,,,,,,,,,,,,,,,,,,,,,,,,,,,,,,,,,,,
Malta,MLT,"Intentional homicides (per 100,000 people)",VC.IHR.PSRC.P5,,,,,,,,,,,,,,,,,,,,,,,,,,,,,,,1.104920487,0.821938075,1.630922287,1.88794252,0.802666995,,,,1.2910489,2.559993446,1.016133662,1.513912859,1.504815409,0,1.737748871,0.988486602,0,0.980743109,1.465226512,0.971914112,0.965584166,0.71818443,2.844889512,1.642637231,1.39473256,0.922596463,1.146528655,2.055099501,1.593607358,,,
Myanmar,MMR,"Intentional homicides (per 100,000 people)",VC.IHR.PSRC.P5,,,,,,,,,,,,,,,,,,,,,,,,,,,,,,,4.949777899,,,,,3.67412594,,,,,2.228182211,1.939645721,1.706421573,1.586744223,1.529924468,1.381002968,1.576031374,1.509426996,1.584229264,1.749240991,1.582978081,2.069008311,2.79302971,2.387543242,2.352679423,2.186758102,2.258451326,,,,,
Middle East & North Africa (excluding high income),MNA,"Intentional homicides (per 100,000 people)",VC.IHR.PSRC.P5,,,,,,,,,,,,,,,,,,,,,,,,,,,,,,,,,,,,,,,,,,,,,,,,,,,,,4.2,,3.9,3.7,,,,,,
Montenegro,MNE,"Intentional homicides (per 100,000 people)",VC.IHR.PSRC.P5,,,,,,,,,,,,,,,,,,,,,,,,,,,,,,,,,,,,,,,,,,,4.401903579,3.256899334,2.275915772,3.569180451,4.046204418,1.936877173,3.862793572,3.371149064,2.402771838,3.358543735,2.715954315,1.596571841,3.191574244,2.711509721,4.463780408,2.390198275,2.229998901,,,
Mongolia,MNG,"Intentional homicides (per 100,000 people)",VC.IHR.PSRC.P5,,,,,,,,,,,,,,,,,,,,,,,,,,,,,,,,,,,,,,,,,,,,13.89358647,13.33924052,15.75346072,13.13087812,11.37319142,8.055020348,8.190608551,8.787081299,9.601650618,7.045000917,7.113651514,7.244624438,7.137061258,6.020237158,6.134007839,6.182547929,,,
Northern Mariana Islands,MNP,"Intentional homicides (per 100,000 people)",VC.IHR.PSRC.P5,,,,,,,,,,,,,,,,,,,,,,,,,,,,,,,,,,,,,,,,,,,,,,,,,,,,,,,,,,,,,,
Mozambique,MOZ,"Intentional homicides (per 100,000 people)",VC.IHR.PSRC.P5,,,,,,,,,,,,,,,,,,,,,,,,,,,,,,,,,,,,,,,,,,6.036697413,5.542484825,5.400624703,5.675383436,5.313769294,4.240964989,3.91725882,4.466571105,3.594715602,3.718409403,3.510077519,,,,,,,,,,
Mauritania,MRT,"Intentional homicides (per 100,000 people)",VC.IHR.PSRC.P5,,,,,,,,,,,,,,,,,,,,,,,,,,,,,,,,,,,,,,,,,,,,,,,,,,,,,,,,,,,,,,
Mauritius,MUS,"Intentional homicides (per 100,000 people)",VC.IHR.PSRC.P5,,,,,,,,,,,,,,,,,,,,,,,,,,,,,,,1.894174372,2.714255363,2.862556651,1.911516798,2.423380778,2.214984637,2.977358068,2.079468627,2.660277424,1.956496035,2.193820682,,,3.225827797,2.879075537,3.027798463,4.071366163,3.647002569,3.873272964,3.054672202,2.644330355,2.557802336,2.233765115,2.787827231,1.511113444,1.66738523,1.664196787,2.609733356,2.919860099,,,
Malawi,MWI,"Intentional homicides (per 100,000 people)",VC.IHR.PSRC.P5,,,,,,,,,,,,,,,,,,,,,,,,,,,,,,,,,,,,,,,,,6.278730236,7.87263752,4.840501216,2.499961876,3.340964443,1.584039221,6.328190439,5.171712859,5.681859985,2.264979851,3.576437303,2.292456188,1.812157825,,,,,,,,,
Malaysia,MYS,"Intentional homicides (per 100,000 people)",VC.IHR.PSRC.P5,,,,,,,,,,,,,,,,,,,,,,,,,,,,,,,1.736012509,2.073440731,1.926046143,1.847584445,1.681891455,1.932876094,2.126787054,2.504314145,2.844268778,2.59473279,2.375588573,2.180595944,2.333901497,2.287558584,1.972954486,2.351053099,2.244107443,2.440086246,2.191951587,2.02271221,1.914348639,1.849850626,2.070992452,2.127665134,,,,,,,,
North America,NAC,"Intentional homicides (per 100,000 people)",VC.IHR.PSRC.P5,,,,,,,,,,,,,,,,,,,,,,,,,,,,,,,,,,,,,,,,,,,,,,,,,,,,,4.4,,3.6,4.6,,,,,,
Namibia,NAM,"Intentional homicides (per 100,000 people)",VC.IHR.PSRC.P5,,,,,,,,,,,,,,,,,,,,,,,,,,,,,,,,,,,,22.91343391,21.221875,19.25762163,23.50379843,21.4869539,21.1748356,19.35660403,18.68735887,,18.45118064,,,,17.32422034,18.64453285,14.81917072,14.28109082,17.67833361,,,,,,,,,
New Caledonia,NCL,"Intentional homicides (per 100,000 people)",VC.IHR.PSRC.P5,,,,,,,,,,,,,,,,,,,,,,,,,,,,,,,,,,,,,,,,,,,,,,,3.334389223,4.931533871,4.458929208,3.198950744,,,,,,,,,,,,
Niger,NER,"Intentional homicides (per 100,000 people)",VC.IHR.PSRC.P5,,,,,,,,,,,,,,,,,,,,,,,,,,,,,,,,,,,,,,,,,,,,,,,,,,,,4.855455259,4.428158163,,,,,,,,,
Nigeria,NGA,"Intentional homicides (per 100,000 people)",VC.IHR.PSRC.P5,,,,,,,,,,,,,,,,,,,,,,,,,,,,,,,,,,,,,,,,,,,,,,,,,,,,,,,,,34.5240459,,,,,
Nicaragua,NIC,"Intentional homicides (per 100,000 people)",VC.IHR.PSRC.P5,,,,,,,,,,,,,,,,,,,,,,,,,,,,,,,16.10184416,17.15261847,18.9253603,17.07564556,15.90257534,15.19716004,13.96161736,14.06479084,13.01255518,11.24014008,9.389838065,10.43657333,10.61440141,11.99898339,12.04116363,13.40395816,13.09451976,12.77265778,12.98647219,13.95865801,13.47857456,12.50204344,11.24942123,9.797999559,8.546682959,8.42005941,7.185947903,,,,,
Netherlands,NLD,"Intentional homicides (per 100,000 people)",VC.IHR.PSRC.P5,,,,,,,,,,,,,,,,,,,,,,,,,,,,,,,0.902078268,1.174946009,1.272595494,1.257531681,1.112620559,1.247749203,1.355757781,1.328608088,1.117769035,1.281927817,1.13021396,1.261072466,1.210401633,1.246840617,1.172701258,1.063104866,0.778584498,0.866317409,0.905353992,0.92623896,0.863157886,0.854333661,0.863514145,0.742125514,0.728133054,0.61398618,0.553550571,0.775496975,0.58618159,,,
Norway,NOR,"Intentional homicides (per 100,000 people)",VC.IHR.PSRC.P5,,,,,,,,,,,,,,,,,,,,,,,,,,,,,,,1.106589008,1.171106919,1.071590392,0.880283729,0.760085646,0.961759525,0.978781608,0.859676771,0.854415473,0.737593674,1.066814835,0.818015984,1.011874791,1.1159503,0.782913351,0.712380021,0.70618658,0.635673622,0.712636769,0.600806282,0.593547362,2.243178766,0.538522724,0.905608076,0.563953383,0.461553817,0.51419267,0.528668563,0.468343712,,,
Nepal,NPL,"Intentional homicides (per 100,000 people)",VC.IHR.PSRC.P5,,,,,,,,,,,,,,,,,,,,,,,,,,,,,,,1.872472955,,,,,,,2.545963271,2.818993511,2.679714067,2.652342735,3.48295915,3.470084174,3.018235405,3.682236087,3.410437181,2.340151627,3.187708741,3.345010746,2.998118067,3.009638952,2.510981383,2.378732795,2.251382455,2.073888253,,2.299783996,,,,,
Nauru,NRU,"Intentional homicides (per 100,000 people)",VC.IHR.PSRC.P5,,,,,,,,,,,,,,,,,,,,,,,,,,,,,,,,,,,,,,,,,,,,,,,,,,,,,,,,,,,,,,
New Zealand,NZL,"Intentional homicides (per 100,000 people)",VC.IHR.PSRC.P5,,,,,,,,,,,,,,,,,,,,,,,,,,,,,,,1.864179046,1.555413528,1.901027608,1.16202001,1.569046672,1.061241816,1.291241723,1.598995831,1.294934217,1.178588041,1.347502146,1.305035056,1.513927375,1.093962965,1.10282738,1.475085682,1.17060156,1.133935233,1.192102392,1.549728474,0.983968184,0.882617726,0.917541651,1.018032678,0.94142951,1.040193285,1.073130633,0.744359509,,,,
OECD members,OED,"Intentional homicides (per 100,000 people)",VC.IHR.PSRC.P5,,,,,,,,,,,,,,,,,,,,,,,,,,,,,,,,,,,,,,,,,,,,,,,,,,,,,5,,4.2,4.5,,,,,,
Oman,OMN,"Intentional homicides (per 100,000 people)",VC.IHR.PSRC.P5,,,,,,,,,,,,,,,,,,,,,,,,,,,,,,,,,,,,,,,,,,,1.199215371,1.466789374,1.717423342,2.110499376,4.688554077,1.392463087,1.708496973,1.286425843,1.578202395,1.04579924,1.114912932,2.576494666,0.297969709,0.374940742,0.401855949,0.514367352,0.269180342,,,
Other small states,OSS,"Intentional homicides (per 100,000 people)",VC.IHR.PSRC.P5,,,,,,,,,,,,,,,,,,,,,,,,,,,,,,,,,,,,,,,,,,,,,,,,,,,,,11.4,,10,9.2,,,,,,
Pakistan,PAK,"Intentional homicides (per 100,000 people)",VC.IHR.PSRC.P5,,,,,,,,,,,,,,,,,,,,,,,,,,,,,,,7.62578613,,,,,,7.115862041,7.09917771,7.598453235,6.731848689,6.256692302,6.57151981,6.329668543,6.104771186,6.136672858,6.102155637,6.125984107,6.290518528,7.02538385,7.116340459,7.351275599,7.559718174,7.393203096,7.286908804,6.797572609,4.75662886,4.182067127,3.960920648,3.88308273,,,
Panama,PAN,"Intentional homicides (per 100,000 people)",VC.IHR.PSRC.P5,,,,,,,,,,,,,,,,,,,,,,,,,,,,,,,11.25075174,11.65226318,12.07322039,11.7128793,12.03375263,13.76079648,8.86889097,11.03750052,9.648671608,9.592093692,9.866902416,9.904063288,11.93955916,10.50153067,9.420815598,10.93020225,6.515958349,8.078360678,14.02080198,15.70176701,12.62802692,14.811901,16.89370623,17.28612076,15.48197516,11.86849406,10.03202072,9.666978672,9.385022462,,,
Peru,PER,"Intentional homicides (per 100,000 people)",VC.IHR.PSRC.P5,,,,,,,,,,,,,,,,,,,,,,,,,,,,,,,,,,,,,,,,,,,,,,,,,,,,5.525501127,6.66965129,6.760935536,6.899216799,7.374287837,7.87362467,7.909223863,,,,
Philippines,PHL,"Intentional homicides (per 100,000 people)",VC.IHR.PSRC.P5,,,,,,,,,,,,,,,,,,,,,,,,,,,,,,,14.99470823,13.72158144,12.75451274,11.64971497,9.454268139,,,,7.918629858,7.47190401,7.3533412,7.345034858,8.053805764,7.749364645,7.489032298,7.453121067,7.054378735,6.668494892,6.402501719,9.833990702,9.200059459,8.882489953,8.727260249,9.257465125,9.706193928,9.446378562,10.9768296,8.391893955,6.464988165,,,
Palau,PLW,"Intentional homicides (per 100,000 people)",VC.IHR.PSRC.P5,,,,,,,,,,,,,,,,,,,,,,,,,,,,,,,,,,,,,,,,,,,,,,,,,,,,,,,,16.98273422,0,0,11.16632237,,,
Papua New Guinea,PNG,"Intentional homicides (per 100,000 people)",VC.IHR.PSRC.P5,,,,,,,,,,,,,,,,,,,,,,,,,,,,,,,,,,,,,,,8.993567808,7.872409584,7.951993898,7.297526691,7.706660243,9.78568231,,9.28420475,9.177222855,7.637508568,8.643674207,9.755382046,9.753078854,,,,,,,,,,,
Poland,POL,"Intentional homicides (per 100,000 people)",VC.IHR.PSRC.P5,,,,,,,,,,,,,,,,,,,,,,,,,,,,,,,1.788715879,2.229344688,2.243597161,2.362841058,2.388675915,2.217967031,2.266962959,2.093665564,1.968147082,1.921288467,2.217513486,2.014036746,1.860289166,1.722082833,1.648456689,1.446481853,1.277557202,1.368850832,0.849914797,1.009075842,1.001831891,1.102206858,1.069923475,0.799307239,0.753456943,0.783507926,0.684404717,0.756194949,0.7304547,,,
Pre-demographic dividend,PRE,"Intentional homicides (per 100,000 people)",VC.IHR.PSRC.P5,,,,,,,,,,,,,,,,,,,,,,,,,,,,,,,,,,,,,,,,,,,,,,,,,,,,,13.3,,8.2,8.1,,,,,,
Puerto Rico,PRI,"Intentional homicides (per 100,000 people)",VC.IHR.PSRC.P5,,,,,,,,,,,,,,,,,,,,,,,,,,,,,,,17.63063122,23.78280506,24.90580331,27.23014611,28.13272766,24.21734394,24.13726652,19.98950827,17.89403657,16.20338112,20.00569645,21.85102722,22.37795215,22.38850906,23.14659096,22.71547695,21.60725408,21.4028489,24.22374537,26.58116208,28.77221956,33.11926137,28.7001247,26.37087902,20.38413084,18.15755792,21.44301109,23.04281475,21.08831497,,,
"Korea, Dem. People's Rep.",PRK,"Intentional homicides (per 100,000 people)",VC.IHR.PSRC.P5,,,,,,,,,,,,,,,,,,,,,,,,,,,,,,,,,,,,,,,,,,,,,,,,,,,,,,,,,,,,,,
Portugal,PRT,"Intentional homicides (per 100,000 people)",VC.IHR.PSRC.P5,,,,,,,,,,,,,,,,,,,,,,,,,,,,,,,1.565066801,1.533404258,1.433652831,1.398983444,1.423589293,1.080135982,1.045982165,1.120441131,1.223804945,1.06294787,1.126528911,1.015330917,1.145773928,1.428624163,1.375236536,1.284675045,1.470192511,1.74971508,1.170328915,1.22594484,1.170246851,1.078586575,1.159000858,1.374960912,0.883067978,0.964473987,0.639191752,0.738686889,0.789766806,,,
Paraguay,PRY,"Intentional homicides (per 100,000 people)",VC.IHR.PSRC.P5,,,,,,,,,,,,,,,,,,,,,,,,,,,,,,,,,,,,,,,,,18.69175733,24.20584028,24.8013452,22.81206956,21.09742929,15.22983399,12.54817179,13.05341564,13.69773811,13.31933802,11.85976287,10.37262347,10.10665716,9.277644732,8.75820741,9.224449546,9.870345852,7.878191796,7.144839995,,,
West Bank and Gaza,PSE,"Intentional homicides (per 100,000 people)",VC.IHR.PSRC.P5,,,,,,,,,,,,,,,,,,,,,,,,,,,,,,,,,,,,1.183806595,4.37551549,1.566849094,1.499688065,1.730842459,1.302725892,1.691889926,2.514673118,2.731075102,2.738694328,2.319760221,,,1.218660966,1.111761323,0.789026223,0.578361473,0.612980282,0.553822169,0.541927827,1.192274064,0.409867539,0.716206683,0.49352475,,,
Pacific island small states,PSS,"Intentional homicides (per 100,000 people)",VC.IHR.PSRC.P5,,,,,,,,,,,,,,,,,,,,,,,,,,,,,,,,,,,,,,,,,,,,,,,,,,,,,4,,3.5,3.4,,,,,,
Post-demographic dividend,PST,"Intentional homicides (per 100,000 people)",VC.IHR.PSRC.P5,,,,,,,,,,,,,,,,,,,,,,,,,,,,,,,,,,,,,,,,,,,,,,,,,,,,,2.2,,1.9,2.3,,,,,,
French Polynesia,PYF,"Intentional homicides (per 100,000 people)",VC.IHR.PSRC.P5,,,,,,,,,,,,,,,,,,,,,,,,,,,,,,,,,,,,,,,,,,,,,,,1.149394461,2.664464043,3.408264663,0.3769943,,,,,,,,,,,,
Qatar,QAT,"Intentional homicides (per 100,000 people)",VC.IHR.PSRC.P5,,,,,,,,,,,,,,,,,,,,,,,,,,,,,,,0.839850926,0.820758627,1.211135177,0.797640579,0.986107715,,,,0.362603931,0.525867418,0.168785772,0.812990945,,,0.663717989,0.693312996,0.488900014,0.738648814,0.835264883,0.483400043,0.215479045,0.196476971,0.318750063,0.385178502,0.365972376,,,,,,,
Romania,ROU,"Intentional homicides (per 100,000 people)",VC.IHR.PSRC.P5,,,,,,,,,,,,,,,,,,,,,,,,,,,,,,,3.388797793,3.521390057,3.589177675,3.168943971,3.357009189,3.300711303,3.165874365,3.061278581,2.497074395,2.538330358,2.511584117,3.178810983,3.001837985,3.204360435,2.256939858,2.021731324,1.681241191,1.801827843,1.449865314,1.250121439,1.299344564,1.008028926,1.048079821,1.082811216,1.622086085,1.701364635,1.545744958,1.297448057,1.281649699,,,
Russian Federation,RUS,"Intentional homicides (per 100,000 people)",VC.IHR.PSRC.P5,,,,,,,,,,,,,,,,,,,,,,,,,,,,,,,14.33252635,15.28491553,22.87200762,30.3692873,32.26840562,30.53212721,26.40371236,23.68848254,22.76931353,26.018284,28.06600244,29.43206907,30.47328758,28.88026209,27.24585173,24.803698,20.11390843,17.71317922,12.69679367,12.32078522,11.63234219,11.25585197,11.2831178,11.10892038,11.41673426,11.48118304,10.91995124,9.134193423,8.209475626,,,
Rwanda,RWA,"Intentional homicides (per 100,000 people)",VC.IHR.PSRC.P5,,,,,,,,,,,,,,,,,,,,,,,,,,,,,,,,,,,,,,,,,,,,,,,3.527456995,2.889874537,1.511885308,,2.898597497,,2.426616648,3.320526645,3.861551122,2.577168608,,,,,,
South Asia,SAS,"Intentional homicides (per 100,000 people)",VC.IHR.PSRC.P5,,,,,,,,,,,,,,,,,,,,,,,,,,,,,,,,,,,,,,,,,,,,,,,,,,,,,3.9,,3.7,3.6,,,,,,
Saudi Arabia,SAU,"Intentional homicides (per 100,000 people)",VC.IHR.PSRC.P5,,,,,,,,,,,,,,,,,,,,,,,,,,,,,,,,,,,,,,,,0.911137773,0.837211283,1.080053876,1.307020369,1.113256232,1.301189149,1.247051636,1.040887999,1.052230791,,,,,,,,1.488129206,,1.265815787,,,,
Sudan,SDN,"Intentional homicides (per 100,000 people)",VC.IHR.PSRC.P5,,,,,,,,,,,,,,,,,,,,,,,,,,,,,,,,,,,,,,,,,,,,,,,,4.669255554,5.148083939,,,,,,,,,,,,,
Senegal,SEN,"Intentional homicides (per 100,000 people)",VC.IHR.PSRC.P5,,,,,,,,,,,,,,,,,,,,,,,,,,,,,,,,,,,,,,,,,,,,,,,,,,,,,,,,0.267518152,,,,,,
Singapore,SGP,"Intentional homicides (per 100,000 people)",VC.IHR.PSRC.P5,,,,,,,,,,,,,,,,,,,,,,,,,,,,,,,1.559923637,1.644554397,1.343900349,1.754491574,1.434551795,1.531496068,0.907047678,1.012757817,1.036075904,0.986158133,1.017654569,0.784861975,0.755285721,0.653875411,0.478789391,0.492299844,0.386159674,0.393130782,0.565349124,0.402688834,0.370285919,0.303972156,0.204861971,0.311713153,0.253364866,0.250351252,0.318379801,0.192710565,0.156317765,,,
Solomon Islands,SLB,"Intentional homicides (per 100,000 people)",VC.IHR.PSRC.P5,,,,,,,,,,,,,,,,,,,,,,,,,,,,,,,,,,,,,,,,,,,,,4.36158404,5.532880205,4.780849994,5.283124684,3.774589464,,,,,,,,,,,,,
Sierra Leone,SLE,"Intentional homicides (per 100,000 people)",VC.IHR.PSRC.P5,,,,,,,,,,,,,,,,,,,,,,,,,,,,,,,,,,,,,,,,,,,,,2.061098694,1.753569,1.732644393,2.237195852,2.99987006,2.518837477,2.540667831,2.849203396,1.683404876,,,1.728967838,,,,,,
El Salvador,SLV,"Intentional homicides (per 100,000 people)",VC.IHR.PSRC.P5,,,,,,,,,,,,,,,,,,,,,,,,,,,,,,,,,,,137.9560569,141.7225805,119.3685069,114.3868877,96.31299239,65.78458858,60.30982026,60.57026142,47.55004873,55.9886221,64.69337218,64.14277037,64.59524344,57.27331836,51.84476188,71.16318846,64.47411551,70.38004743,41.58436095,40.10484393,62.28630286,105.2311885,83.00639209,61.70825739,52.01892617,,,
San Marino,SMR,"Intentional homicides (per 100,000 people)",VC.IHR.PSRC.P5,,,,,,,,,,,,,,,,,,,,,,,,,,,,,,,,,,,,0,0,0,0,0,0,0,3.549245785,0,0,0,0,0,0,0,0,0,,,,,,,,,,
Somalia,SOM,"Intentional homicides (per 100,000 people)",VC.IHR.PSRC.P5,,,,,,,,,,,,,,,,,,,,,,,,,,,,,,,,,,,,,,,,,,,,,,,,,,,,,,,,,,,,,,
Serbia,SRB,"Intentional homicides (per 100,000 people)",VC.IHR.PSRC.P5,,,,,,,,,,,,,,,,,,,,,,,,,,,,,,,,,,,,,,,,,2.403133686,2.582148175,2.139846684,1.894055164,1.774384232,1.598900479,1.705679903,1.878875387,1.545235955,1.70668246,1.445848846,1.506064251,1.241594628,1.592126017,1.348574624,1.171596403,1.389208426,1.064598115,1.226890579,,,
Sub-Saharan Africa (excluding high income),SSA,"Intentional homicides (per 100,000 people)",VC.IHR.PSRC.P5,,,,,,,,,,,,,,,,,,,,,,,,,,,,,,,,,,,,,,,,,,,,,,,,,,,,,14.4,,9.5,9.4,,,,,,
South Sudan,SSD,"Intentional homicides (per 100,000 people)",VC.IHR.PSRC.P5,,,,,,,,,,,,,,,,,,,,,,,,,,,,,,,,,,,,,,,,,,,,,,,,,,,,,13.9,,,,,,,,,
Sub-Saharan Africa,SSF,"Intentional homicides (per 100,000 people)",VC.IHR.PSRC.P5,,,,,,,,,,,,,,,,,,,,,,,,,,,,,,,,,,,,,,,,,,,,,,,,,,,,,14.4,,9.5,9.4,,,,,,
Small states,SST,"Intentional homicides (per 100,000 people)",VC.IHR.PSRC.P5,,,,,,,,,,,,,,,,,,,,,,,,,,,,,,,,,,,,,,,,,,,,,,,,,,,,,14.4,,13,13,,,,,,
Sao Tome and Principe,STP,"Intentional homicides (per 100,000 people)",VC.IHR.PSRC.P5,,,,,,,,,,,,,,,,,,,,,,,,,,,,,,,6.710790112,5.74010447,9.63282868,6.295940692,6.181138257,,,,,,,,,,,,2.47408397,2.405335033,8.181297554,2.842895888,3.326458652,3.251662412,,,,,,,,,,
Suriname,SUR,"Intentional homicides (per 100,000 people)",VC.IHR.PSRC.P5,,,,,,,,,,,,,,,,,,,,,,,,,,,,,,,,,,,,,,,,,14.43908405,16.57664917,11.82013487,12.29664425,9.317776698,13.81489245,12.27013291,8.803144092,8.315252494,,,,,5.298787674,5.783710901,6.080810393,7.258140181,5.433820449,,,,
Slovak Republic,SVK,"Intentional homicides (per 100,000 people)",VC.IHR.PSRC.P5,,,,,,,,,,,,,,,,,,,,,,,,,,,,,,,1.758547629,2.410896196,,2.56208282,2.405417672,2.381187133,2.451348167,2.596823491,2.372455935,2.612219369,2.389239753,2.185187209,2.240689288,2.537110331,2.000231879,1.722553335,1.518891491,1.518886145,1.592780777,1.444137164,1.517312255,1.626938553,1.163457678,1.309547282,1.270999584,0.80947617,1.047408848,1.468454927,1.136985269,,,
Slovenia,SVN,"Intentional homicides (per 100,000 people)",VC.IHR.PSRC.P5,,,,,,,,,,,,,,,,,,,,,,,,,,,,,,,2.043456851,1.992250147,2.393594741,1.299636102,2.054802072,2.209804904,1.910911304,1.811359944,0.70444363,1.257782529,1.81112939,1.408835512,1.811534949,1.056415081,1.35662985,1.002516819,0.599272782,1.192767061,0.4943034,0.639195361,0.734093659,0.780001541,0.680329629,0.581643336,0.773885991,0.965624259,0.482112424,0.915047474,0.481269937,,,
Sweden,SWE,"Intentional homicides (per 100,000 people)",VC.IHR.PSRC.P5,,,,,,,,,,,,,,,,,,,,,,,,,,,,,,,1.108857731,1.333311691,1.312345778,1.23474151,1.136591601,0.98456151,1.117484914,0.980960681,1.037104207,1.138271214,1.080881215,0.977769566,1.132197765,0.949567997,1.1901249,0.918281062,1.000421056,1.211401449,0.887788608,0.998594988,0.969099878,0.855630338,0.712577848,0.904552457,0.897634856,1.146959395,1.077673523,1.140850054,1.083072677,,,
Eswatini,SWZ,"Intentional homicides (per 100,000 people)",VC.IHR.PSRC.P5,,,,,,,,,,,,,,,,,,,,,,,,,,,,,,,19.81948462,20.11198828,20.06931989,19.60108414,16.7470599,,,,16.83807487,11.46760151,12.73084604,18.15297433,13.14945037,13.19911302,14.22604008,13.48761614,12.25756325,11.60503371,20.66769021,17.68385058,19.53343269,16.04434208,9.636009025,9.384980167,10.7760392,10.14457836,10.41298248,11.55752804,,,,
Sint Maarten (Dutch part),SXM,"Intentional homicides (per 100,000 people)",VC.IHR.PSRC.P5,,,,,,,,,,,,,,,,,,,,,,,,,,,,,,,,,,,,,,,,,,,,,,,,,,,,,,,,,,,,,,
Seychelles,SYC,"Intentional homicides (per 100,000 people)",VC.IHR.PSRC.P5,,,,,,,,,,,,,,,,,,,,,,,,,,,,,,,,,,,,,,,,,,,,,11.44321875,,10.05272094,8.880797496,6.633499171,15.42054016,9.860528305,17.41363923,4.319281272,19.27256764,16.98261405,7.369895032,12.53774383,,,,,
Syrian Arab Republic,SYR,"Intentional homicides (per 100,000 people)",VC.IHR.PSRC.P5,,,,,,,,,,,,,,,,,,,,,,,,,,,,,,,,,,,,,,1.950537017,2.153903039,2.06069792,2.17539046,2.242559667,2.153983101,2.325552818,2.389522851,2.341897671,2.340070235,2.681321607,2.560003159,2.244661184,2.167345167,,,,,,,,0.879312215,,,
Turks and Caicos Islands,TCA,"Intentional homicides (per 100,000 people)",VC.IHR.PSRC.P5,,,,,,,,,,,,,,,,,,,,,,,,,,,,,,,0,0,7.33191583,6.884207628,12.98785635,6.164848037,5.906674542,11.38563133,0,0,0,0,8.609556608,0,,0,,6.582628444,6.41025641,6.263113394,,,,11.5164253,5.654349608,,,,,,,
Chad,TCD,"Intentional homicides (per 100,000 people)",VC.IHR.PSRC.P5,,,,,,,,,,,,,,,,,,,,,,,,,,,,,,,,,,,,,,,,,,,,,,,,,,,,,,,,,,,,,,
East Asia & Pacific (IDA & IBRD countries),TEA,"Intentional homicides (per 100,000 people)",VC.IHR.PSRC.P5,,,,,,,,,,,,,,,,,,,,,,,,,,,,,,,,,,,,,,,,,,,,,,,,,,,,,2.1,,1.5,1.4,,,,,,
Europe & Central Asia (IDA & IBRD countries),TEC,"Intentional homicides (per 100,000 people)",VC.IHR.PSRC.P5,,,,,,,,,,,,,,,,,,,,,,,,,,,,,,,,,,,,,,,,,,,,,,,,,,,,,5.2,,5.1,5.7,,,,,,
Togo,TGO,"Intentional homicides (per 100,000 people)",VC.IHR.PSRC.P5,,,,,,,,,,,,,,,,,,,,,,,,,,,,,,,,,,,,,,,,,,,,,,,,,,,,,,,,,,,,,,
Thailand,THA,"Intentional homicides (per 100,000 people)",VC.IHR.PSRC.P5,,,,,,,,,,,,,,,,,,,,,,,,,,,,,,,9.448674777,9.759665052,10.30709751,9.397404234,8.502438386,7.637814629,7.440521974,7.867326924,8.705027253,8.109335545,8.168045187,7.900635812,7.082978372,9.967487617,6.574321224,7.346805238,7.12174306,6.701211374,5.973157167,5.537872483,5.437902016,4.897925645,4.898581164,4.246856596,3.870614349,3.47379278,3.231778406,2.582003648,,,,
Tajikistan,TJK,"Intentional homicides (per 100,000 people)",VC.IHR.PSRC.P5,,,,,,,,,,,,,,,,,,,,,,,,,,,,,,,3.179523265,2.74041798,10.99502225,23.31353649,11.19882152,7.545787317,8.271589789,8.386091617,8.146139418,5.833653612,4.552526097,3.687578242,2.800745185,2.507051081,2.131366952,2.312456126,2.802419326,1.868982355,1.386977172,1.317084404,2.404549674,1.636893607,,,,,,,,,,
Turkmenistan,TKM,"Intentional homicides (per 100,000 people)",VC.IHR.PSRC.P5,,,,,,,,,,,,,,,,,,,,,,,,,,,,,,,9.011997357,8.075608811,7.590049138,8.277673046,7.484620684,6.392827105,7.790383634,8.220200339,7.816966079,7.187425901,5.912144209,5.433726395,5.227745315,5.004562099,4.443597775,4.332598895,4.220274197,,,,,,,,,,,,,,,
Latin America & the Caribbean (IDA & IBRD countries),TLA,"Intentional homicides (per 100,000 people)",VC.IHR.PSRC.P5,,,,,,,,,,,,,,,,,,,,,,,,,,,,,,,,,,,,,,,,,,,,,,,,,,,,,23.6,,22.9,22.7,,,,,,
Timor-Leste,TLS,"Intentional homicides (per 100,000 people)",VC.IHR.PSRC.P5,,,,,,,,,,,,,,,,,,,,,,,,,,,,,,,,,,,,,,,,,,,,,2.366525395,4.622511632,4.820761149,5.982315504,3.316190209,2.978722612,3.566474047,,,,,4.095983095,,,,,,
Middle East & North Africa (IDA & IBRD countries),TMN,"Intentional homicides (per 100,000 people)",VC.IHR.PSRC.P5,,,,,,,,,,,,,,,,,,,,,,,,,,,,,,,,,,,,,,,,,,,,,,,,,,,,,4.2,,3.9,3.8,,,,,,
Tonga,TON,"Intentional homicides (per 100,000 people)",VC.IHR.PSRC.P5,,,,,,,,,,,,,,,,,,,,,,,,,,,,,,,,,,,,2.08394115,2.077555133,2.069943387,,,1.020803985,6.092483906,6.059198368,6.024640781,1.99572914,3.964006818,7.865190633,0.974877409,3.869070649,7.699933588,0.961714159,1.931284884,0.973368634,,,,,,,,,
South Asia (IDA & IBRD),TSA,"Intentional homicides (per 100,000 people)",VC.IHR.PSRC.P5,,,,,,,,,,,,,,,,,,,,,,,,,,,,,,,,,,,,,,,,,,,,,,,,,,,,,3.9,,3.7,3.6,,,,,,
Sub-Saharan Africa (IDA & IBRD countries),TSS,"Intentional homicides (per 100,000 people)",VC.IHR.PSRC.P5,,,,,,,,,,,,,,,,,,,,,,,,,,,,,,,,,,,,,,,,,,,,,,,,,,,,,14.4,,9.5,9.4,,,,,,
Trinidad and Tobago,TTO,"Intentional homicides (per 100,000 people)",VC.IHR.PSRC.P5,,,,,,,,,,,,,,,,,,,,,,,,,,,,,,,,,,,,,,,,,9.47000337,11.87455126,13.38855787,17.84094911,20.15324215,29.77253322,28.48254811,29.88268562,41.61439508,38.38231052,35.61360816,26.34375608,28.25669572,30.06556806,29.72832713,30.64950684,,,,,,
Tunisia,TUN,"Intentional homicides (per 100,000 people)",VC.IHR.PSRC.P5,,,,,,,,,,,,,,,,,,,,,,,,,,,,,,,,,,,,,,,,,,,,,1.945665447,2.572531028,2.440886675,2.649269088,2.688578582,2.422643796,2.689171712,,3.060756101,,,,,,,,,
Turkey,TUR,"Intentional homicides (per 100,000 people)",VC.IHR.PSRC.P5,,,,,,,,,,,,,,,,,,,,,,,,,,,,,,,,,,,,,,,,,,,,4.292670102,4.348544335,4.867204044,4.607543669,5.172325532,4.625197668,5.176566486,4.236316091,4.167843653,4.308044123,,,2.846067371,3.33843314,3.085687267,2.590475672,,,
Tuvalu,TUV,"Intentional homicides (per 100,000 people)",VC.IHR.PSRC.P5,,,,,,,,,,,,,,,,,,,,,,,,,,,,,,,,,,,,,,,,,,,0,0,0,0,0,0,0,0,9.504799924,9.410878976,18.61504095,,,,,,,,,
Tanzania,TZA,"Intentional homicides (per 100,000 people)",VC.IHR.PSRC.P5,,,,,,,,,,,,,,,,,,,,,,,,,,,,,,,,,,,,7.116566801,7.49888576,7.549806361,,,,,,7.644936353,7.827764358,,,,,,8.767314657,9.084038191,8.696570102,7.625332456,7.810160186,7.276239419,6.48265759,,,,,
Uganda,UGA,"Intentional homicides (per 100,000 people)",VC.IHR.PSRC.P5,,,,,,,,,,,,,,,,,,,,,,,,,,,,,,,,,,,,8.376950219,8.586581626,8.861534347,,,,,,8.221535905,7.639450735,9.001397528,9.435984667,8.9702569,9.177919339,10.29254121,9.744615822,11.21075831,11.76548886,10.80558054,12.1181647,,11.30414498,11.50204627,10.52446028,,,
Ukraine,UKR,"Intentional homicides (per 100,000 people)",VC.IHR.PSRC.P5,,,,,,,,,,,,,,,,,,,,,,,,,,,,,,,4.970551619,5.145616977,6.554385441,7.202430165,8.25646928,8.657509797,9.679625932,8.430423008,8.432750164,8.622659225,9.046223746,10.02858415,8.953724563,8.492624688,7.384975512,6.46182538,6.346632059,5.706725182,5.342437112,4.872643245,4.341361518,,5.139283719,,6.306591685,,,6.183730571,,,,
Upper middle income,UMC,"Intentional homicides (per 100,000 people)",VC.IHR.PSRC.P5,,,,,,,,,,,,,,,,,,,,,,,,,,,,,,,,,,,,,,,,,,,,,,,,,,,,,7.1,,6.5,6.7,,,,,,
Uruguay,URY,"Intentional homicides (per 100,000 people)",VC.IHR.PSRC.P5,,,,,,,,,,,,,,,,,,,,,,,,,,,,,,,6.624650518,6.194803582,5.769610574,,,5.92381233,6.312775549,7.430833617,7.41404043,6.529615282,6.446299613,6.555462369,6.94518356,5.927198953,6.021401264,5.719792197,6.074451728,5.822760571,6.61632868,6.746921195,6.102510871,5.906927015,7.901804541,7.670892739,7.881335322,8.587306086,7.826785069,8.263873633,12.06045302,,,
United States,USA,"Intentional homicides (per 100,000 people)",VC.IHR.PSRC.P5,,,,,,,,,,,,,,,,,,,,,,,,,,,,,,,9.296355416,9.704981946,9.24547406,9.450082346,8.894864592,8.148172868,7.321072322,6.70117275,6.16843134,5.572465698,5.532621999,6.68744397,5.649205955,5.702937275,5.523428234,5.674701134,5.813090901,5.697777765,5.425291053,5.02729993,4.764224463,4.705311441,4.730549044,4.525592796,4.444675653,4.949851519,5.390754771,5.316767266,4.956950548,,,
Uzbekistan,UZB,"Intentional homicides (per 100,000 people)",VC.IHR.PSRC.P5,,,,,,,,,,,,,,,,,,,,,,,,,,,,,,,5.515152772,5.085022827,5.356696577,5.20995954,5.457507951,5.07655796,4.964413166,4.458452992,4.430850586,4.153686227,4.311675173,4.305305674,4.160257851,3.739935234,3.688987804,3.443345706,3.212199104,2.995804661,3.007929097,,,,,,1.478979073,1.635975634,1.412135004,1.135802775,,,,
St. Vincent and the Grenadines,VCT,"Intentional homicides (per 100,000 people)",VC.IHR.PSRC.P5,,,,,,,,,,,,,,,,,,,,,,,,,,,,,,,10.2336053,16.70192629,16.67577658,12.95864342,12.03046484,18.51114834,22.22572072,8.34144307,22.26200525,12.99147203,18.55511333,11.12213026,18.5022434,16.61712302,26.72318467,23.93732105,18.41586711,36.86092374,14.76001144,21.23867655,23.09255496,19.38789641,25.82192097,,,,36.54069263,,,,,
"Venezuela, RB",VEN,"Intentional homicides (per 100,000 people)",VC.IHR.PSRC.P5,,,,,,,,,,,,,,,,,,,,,,,,,,,,,,,12.60144764,12.45004432,15.88699589,20.42166066,22.04003967,20.43218378,22.16151865,18.50007683,19.53748378,25.1644546,33.15910679,32.29671299,38.31411977,44.38856802,37.38566675,37.6960966,45.64958386,48.28314977,52.7901698,49.8911741,45.99165498,48.80248539,54.73960253,,63.34259928,52.03806272,59.555297,49.87674509,36.68763484,,,
British Virgin Islands,VGB,"Intentional homicides (per 100,000 people)",VC.IHR.PSRC.P5,,,,,,,,,,,,,,,,,,,,,,,,,,,,,,,5.71787981,0,0,0,0,10.35893717,10.25220422,,,4.993508439,,4.836759371,4.733055661,9.227646028,17.9139236,,8.32570144,,,,,,,,,,,,,,,
Virgin Islands (U.S.),VIR,"Intentional homicides (per 100,000 people)",VC.IHR.PSRC.P5,,,,,,,,,,,,,,,,,,,,,,,,,,,,,,,,,,,,,,27.6975063,23.03064919,24.8447205,21.15331555,25.76157661,37.768525,28.60992672,34.22756707,34.32250165,40.01265517,40.14264643,43.09012393,46.98541573,52.7873612,42.53549351,49.27788939,,,,,,,,,
Vietnam,VNM,"Intentional homicides (per 100,000 people)",VC.IHR.PSRC.P5,,,,,,,,,,,,,,,,,,,,,,,,,,,,,,,,,,,,,,,,,,1.243459145,1.308649995,1.286729974,1.279754303,1.256073677,1.238513833,1.367367869,1.266183495,1.415740207,1.518740041,1.528050919,,,,,,,,,,
Vanuatu,VUT,"Intentional homicides (per 100,000 people)",VC.IHR.PSRC.P5,,,,,,,,,,,,,,,,,,,,,,,,,,,,,,,,,,,,,,,,,,,,,,,,,,,,,,,,,,,,,,
World,WLD,"Intentional homicides (per 100,000 people)",VC.IHR.PSRC.P5,,,,,,,,,,,,,,,,,,,,,,,,,,,,,,,,,,,,,,,,,,,,,,,,,,,,,6.2,,5.3,5.3,,,,,,
Samoa,WSM,"Intentional homicides (per 100,000 people)",VC.IHR.PSRC.P5,,,,,,,,,,,,,,,,,,,,,,,,,,,,,,,,,,,,,,,,,,,,,,,,,,8.669596268,8.604741212,,,3.146105122,,,,,,,,
Kosovo,XKX,"Intentional homicides (per 100,000 people)",VC.IHR.PSRC.P5,,,,,,,,,,,,,,,,,,,,,,,,,,,,,,,,,,,,,,,,,,,,,,,,,6.466813515,4.144256458,5.969544062,3.461753211,4.985597164,2.247683789,3.018992206,2.331002331,2.092280586,2.621518296,2.39893009,,,
"Yemen, Rep.",YEM,"Intentional homicides (per 100,000 people)",VC.IHR.PSRC.P5,,,,,,,,,,,,,,,,,,,,,,,,,,,,,,,,,,,,,,,3.73853228,6.051595644,4.003659931,,,3.708190482,3.306022652,4.699758537,4.326253038,3.993889068,3.992298792,4.396782728,4.74630503,5.775470054,6.603147871,6.772149422,,,,,,,,
South Africa,ZAF,"Intentional homicides (per 100,000 people)",VC.IHR.PSRC.P5,,,,,,,,,,,,,,,,,,,,,,,,,,,,,,,,,,,63,63.9,59.4,56.1,56.6,50.2,47.6,46.1,45.8,41.6,39,38,38.7,36.9,35.9,32.9,30.8,29.8,30.6,31.7,32.6,33.8,34,35.9,,,,
Zambia,ZMB,"Intentional homicides (per 100,000 people)",VC.IHR.PSRC.P5,,,,,,,,,,,,,,,,,,,,,,,,,,,,,,,6.843478085,8.294265001,9.087309879,8.606265546,9.368927743,,,,8.838010418,10.57140412,7.651732316,,,,,,,,5.401395693,6.144466703,5.982660867,6.154087951,6.118153786,5.808441615,5.357214867,5.371749635,,,,,,
Zimbabwe,ZWE,"Intentional homicides (per 100,000 people)",VC.IHR.PSRC.P5,,,,,,,,,,,,,,,,,,,,,,,,,,,,,,,5.626696576,,,,,,,,,,,12.82297932,13.57671257,11.35015142,11.28128153,11.17855321,8.819056006,,,,5.599426921,,7.479899771,,,,,,,,,
